created_dt,assignment_group,tickets,breach_rate,avg_resolution,avg_csat
2025-01-01,Apps,19,0.5789473684210527,4741.0,3.978947368421052
2025-01-01,EUCP,7,0.7142857142857143,5763.428571428572,3.914285714285714
2025-01-01,FieldSupport,20,0.7,4414.4,3.585
2025-01-01,MajorIncident,4,0.25,4476.0,3.65
2025-01-01,Networks,14,0.6428571428571429,4251.428571428572,3.492857142857143
2025-01-01,SecurityOps,17,0.7058823529411765,5083.529411764706,3.4058823529411764
2025-01-01,ServiceDesk-A,32,0.375,3983.21875,3.8093749999999997
2025-01-01,ServiceDesk-B,26,0.5384615384615384,3771.5384615384614,3.880769230769231
2025-01-02,Apps,20,0.55,3664.35,3.7
2025-01-02,EUCP,18,0.4444444444444444,3355.1666666666665,3.761111111111111
2025-01-02,FieldSupport,13,0.38461538461538464,4661.384615384615,3.753846153846154
2025-01-02,MajorIncident,11,0.36363636363636365,4276.909090909091,4.0181818181818185
2025-01-02,Networks,9,0.2222222222222222,2415.777777777778,4.177777777777778
2025-01-02,SecurityOps,19,0.5789473684210527,4053.5263157894738,3.905263157894737
2025-01-02,ServiceDesk-A,34,0.4411764705882353,3772.9411764705883,3.9176470588235293
2025-01-02,ServiceDesk-B,19,0.5263157894736842,4875.105263157895,3.9210526315789473
2025-01-03,Apps,26,0.6153846153846154,3749.5,3.6346153846153846
2025-01-03,EUCP,17,0.23529411764705882,2458.6470588235293,3.8588235294117643
2025-01-03,FieldSupport,21,0.6666666666666666,6062.0,3.4714285714285715
2025-01-03,MajorIncident,7,0.42857142857142855,5587.142857142857,3.557142857142857
2025-01-03,Networks,14,0.5714285714285714,4346.571428571428,3.5785714285714287
2025-01-03,SecurityOps,9,0.2222222222222222,2723.8888888888887,4.011111111111111
2025-01-03,ServiceDesk-A,42,0.35714285714285715,3538.0714285714284,3.804761904761905
2025-01-03,ServiceDesk-B,29,0.3793103448275862,4390.517241379311,3.848275862068965
2025-01-04,Apps,16,0.5625,3917.6875,3.725
2025-01-04,EUCP,8,0.5,3241.5,3.775
2025-01-04,FieldSupport,15,0.4666666666666667,3358.4666666666667,3.7933333333333334
2025-01-04,MajorIncident,4,0.0,2080.25,4.025
2025-01-04,Networks,8,0.5,4568.375,3.8875
2025-01-04,SecurityOps,11,0.5454545454545454,4390.272727272727,3.8
2025-01-04,ServiceDesk-A,36,0.3611111111111111,3263.8333333333335,3.813888888888889
2025-01-04,ServiceDesk-B,28,0.42857142857142855,3651.3571428571427,3.9785714285714286
2025-01-05,Apps,18,0.4444444444444444,3980.1111111111113,3.8444444444444446
2025-01-05,EUCP,13,0.38461538461538464,3446.846153846154,4.107692307692307
2025-01-05,FieldSupport,23,0.5652173913043478,4534.521739130435,3.891304347826087
2025-01-05,MajorIncident,7,0.14285714285714285,3177.4285714285716,3.6714285714285713
2025-01-05,Networks,11,0.36363636363636365,3443.3636363636365,3.972727272727273
2025-01-05,SecurityOps,12,0.5833333333333334,3835.5,3.5666666666666664
2025-01-05,ServiceDesk-A,32,0.4375,3464.84375,3.90625
2025-01-05,ServiceDesk-B,24,0.25,3067.875,4.016666666666667
2025-01-06,Apps,17,0.5882352941176471,4394.176470588235,3.552941176470588
2025-01-06,EUCP,9,0.3333333333333333,3345.4444444444443,3.9444444444444446
2025-01-06,FieldSupport,16,0.5625,4078.3125,3.79375
2025-01-06,MajorIncident,10,0.4,3262.0,3.75
2025-01-06,Networks,15,0.5333333333333333,2564.2,3.493333333333333
2025-01-06,SecurityOps,14,0.6428571428571429,3650.3571428571427,3.707142857142857
2025-01-06,ServiceDesk-A,30,0.3333333333333333,2579.1666666666665,3.93
2025-01-06,ServiceDesk-B,21,0.47619047619047616,4373.714285714285,3.8095238095238093
2025-01-07,Apps,20,0.5,4262.7,3.8549999999999995
2025-01-07,EUCP,20,0.65,4680.75,3.63
2025-01-07,FieldSupport,19,0.8421052631578947,6020.263157894737,3.3894736842105266
2025-01-07,MajorIncident,3,0.3333333333333333,1437.3333333333333,3.766666666666667
2025-01-07,Networks,9,0.2222222222222222,2972.222222222222,4.011111111111111
2025-01-07,SecurityOps,14,0.6428571428571429,4061.3571428571427,3.7285714285714286
2025-01-07,ServiceDesk-A,26,0.5384615384615384,2854.923076923077,3.8038461538461537
2025-01-07,ServiceDesk-B,24,0.5,3242.125,3.9
2025-01-08,Apps,20,0.5,2884.5,3.565
2025-01-08,EUCP,16,0.375,3583.4375,3.91875
2025-01-08,FieldSupport,21,0.5714285714285714,4065.809523809524,3.7571428571428576
2025-01-08,MajorIncident,8,0.25,2588.0,3.9250000000000003
2025-01-08,Networks,11,0.6363636363636364,5372.272727272727,3.5181818181818185
2025-01-08,SecurityOps,13,0.3076923076923077,3914.230769230769,3.923076923076923
2025-01-08,ServiceDesk-A,25,0.4,3298.0,3.6319999999999997
2025-01-08,ServiceDesk-B,27,0.37037037037037035,3498.222222222222,4.033333333333333
2025-01-09,Apps,17,0.4117647058823529,3658.176470588235,3.8176470588235296
2025-01-09,EUCP,14,0.6428571428571429,4183.642857142857,3.5928571428571425
2025-01-09,FieldSupport,19,0.42105263157894735,3612.5789473684213,3.9421052631578943
2025-01-09,MajorIncident,7,0.0,2964.0,4.485714285714286
2025-01-09,Networks,14,0.5714285714285714,4293.285714285715,3.7714285714285714
2025-01-09,SecurityOps,15,0.8,5635.266666666666,3.566666666666667
2025-01-09,ServiceDesk-A,33,0.30303030303030304,2910.909090909091,3.8636363636363638
2025-01-09,ServiceDesk-B,21,0.38095238095238093,3694.285714285714,3.838095238095238
2025-01-10,Apps,15,0.4,3366.733333333333,4.153333333333333
2025-01-10,EUCP,15,0.3333333333333333,3458.6,3.893333333333333
2025-01-10,FieldSupport,26,0.6538461538461539,4293.5,3.5807692307692305
2025-01-10,MajorIncident,4,0.75,3225.5,3.1750000000000003
2025-01-10,Networks,12,0.5,4974.583333333333,4.1499999999999995
2025-01-10,SecurityOps,13,0.7692307692307693,4246.153846153846,3.369230769230769
2025-01-10,ServiceDesk-A,28,0.42857142857142855,3335.464285714286,3.732142857142857
2025-01-10,ServiceDesk-B,33,0.30303030303030304,2834.878787878788,3.9757575757575756
2025-01-11,Apps,16,0.5,3940.3125,3.98125
2025-01-11,EUCP,10,0.4,4071.9,4.11
2025-01-11,FieldSupport,17,0.5882352941176471,4361.176470588235,3.764705882352941
2025-01-11,MajorIncident,8,0.625,4620.125,3.6500000000000004
2025-01-11,Networks,10,0.8,4344.7,3.29
2025-01-11,SecurityOps,13,0.9230769230769231,5867.7692307692305,3.5307692307692307
2025-01-11,ServiceDesk-A,27,0.4074074074074074,2624.6666666666665,3.5296296296296297
2025-01-11,ServiceDesk-B,30,0.4,3769.1666666666665,3.8133333333333335
2025-01-12,Apps,12,0.5,3449.75,3.966666666666667
2025-01-12,EUCP,13,0.38461538461538464,2773.0,3.8307692307692305
2025-01-12,FieldSupport,24,0.5833333333333334,4540.791666666667,3.908333333333333
2025-01-12,MajorIncident,4,0.5,3157.25,3.475
2025-01-12,Networks,11,0.45454545454545453,3044.090909090909,4.027272727272727
2025-01-12,SecurityOps,13,0.6153846153846154,5260.384615384615,3.3230769230769233
2025-01-12,ServiceDesk-A,34,0.4411764705882353,3971.6176470588234,3.8117647058823527
2025-01-12,ServiceDesk-B,23,0.30434782608695654,2987.782608695652,3.865217391304348
2025-01-13,Apps,21,0.6190476190476191,4860.666666666667,3.5571428571428574
2025-01-13,EUCP,12,0.25,1903.5,3.8249999999999997
2025-01-13,FieldSupport,21,0.47619047619047616,3678.095238095238,3.7333333333333334
2025-01-13,MajorIncident,6,0.16666666666666666,2092.3333333333335,4.05
2025-01-13,Networks,6,0.6666666666666666,4680.166666666667,3.3000000000000003
2025-01-13,SecurityOps,16,0.5625,4964.375,3.91875
2025-01-13,ServiceDesk-A,25,0.4,3854.88,3.908
2025-01-13,ServiceDesk-B,31,0.3870967741935484,2944.064516129032,3.851612903225807
2025-01-14,Apps,19,0.6842105263157895,5004.526315789473,3.4578947368421056
2025-01-14,EUCP,9,0.3333333333333333,3314.8888888888887,3.988888888888889
2025-01-14,FieldSupport,23,0.6521739130434783,5023.95652173913,3.4826086956521736
2025-01-14,MajorIncident,6,0.0,2882.3333333333335,4.183333333333333
2025-01-14,Networks,12,0.6666666666666666,3154.4166666666665,3.625
2025-01-14,SecurityOps,14,0.7142857142857143,6165.785714285715,3.4
2025-01-14,ServiceDesk-A,25,0.32,3097.36,3.932
2025-01-14,ServiceDesk-B,28,0.6428571428571429,3828.785714285714,3.267857142857143
2025-01-15,Apps,21,0.38095238095238093,3440.4285714285716,3.9380952380952383
2025-01-15,EUCP,14,0.5,3609.6428571428573,3.585714285714286
2025-01-15,FieldSupport,21,0.5714285714285714,4437.380952380952,3.657142857142857
2025-01-15,MajorIncident,1,0.0,661.0,4.8
2025-01-15,Networks,15,0.4666666666666667,3764.4,3.9466666666666663
2025-01-15,SecurityOps,19,0.5263157894736842,3176.0526315789475,3.689473684210526
2025-01-15,ServiceDesk-A,30,0.3,3075.0333333333333,3.89
2025-01-15,ServiceDesk-B,17,0.35294117647058826,2891.470588235294,3.7882352941176474
2025-01-16,Apps,18,0.6111111111111112,4367.222222222223,3.644444444444444
2025-01-16,EUCP,15,0.4,3164.733333333333,3.933333333333333
2025-01-16,FieldSupport,25,0.6,4617.52,3.752
2025-01-16,MajorIncident,10,0.5,3779.2,3.66
2025-01-16,Networks,11,0.2727272727272727,3257.818181818182,3.963636363636364
2025-01-16,SecurityOps,8,0.25,3000.25,3.95
2025-01-16,ServiceDesk-A,24,0.4166666666666667,2906.3333333333335,3.8249999999999997
2025-01-16,ServiceDesk-B,20,0.3,3125.8,3.475
2025-01-17,Apps,13,0.38461538461538464,3700.6923076923076,3.9153846153846152
2025-01-17,EUCP,6,0.3333333333333333,2128.6666666666665,3.9166666666666665
2025-01-17,FieldSupport,25,0.72,4290.6,3.636
2025-01-17,MajorIncident,6,0.16666666666666666,3332.1666666666665,4.316666666666666
2025-01-17,Networks,11,0.45454545454545453,3606.181818181818,3.5818181818181816
2025-01-17,SecurityOps,8,0.625,6155.25,3.9125
2025-01-17,ServiceDesk-A,36,0.4166666666666667,3713.6111111111113,3.908333333333333
2025-01-17,ServiceDesk-B,23,0.5217391304347826,4481.173913043478,3.9956521739130437
2025-01-18,Apps,26,0.5384615384615384,5133.961538461538,3.803846153846154
2025-01-18,EUCP,11,0.5454545454545454,3379.2727272727275,3.3454545454545452
2025-01-18,FieldSupport,22,0.7727272727272727,4042.9545454545455,3.7681818181818185
2025-01-18,MajorIncident,5,0.4,3943.4,3.56
2025-01-18,Networks,9,0.2222222222222222,3461.5555555555557,3.988888888888889
2025-01-18,SecurityOps,11,0.6363636363636364,4724.090909090909,3.6636363636363636
2025-01-18,ServiceDesk-A,26,0.5769230769230769,4549.2692307692305,3.480769230769231
2025-01-18,ServiceDesk-B,22,0.45454545454545453,3430.4545454545455,3.8863636363636362
2025-01-19,Apps,18,0.2777777777777778,3785.3333333333335,4.177777777777778
2025-01-19,EUCP,23,0.4782608695652174,3709.608695652174,3.3130434782608695
2025-01-19,FieldSupport,18,0.7222222222222222,3274.3333333333335,3.45
2025-01-19,MajorIncident,3,0.6666666666666666,4531.666666666667,3.5999999999999996
2025-01-19,Networks,13,0.38461538461538464,2622.3846153846152,3.9692307692307693
2025-01-19,SecurityOps,18,0.5,3772.8333333333335,3.5944444444444446
2025-01-19,ServiceDesk-A,29,0.41379310344827586,3371.0344827586205,3.8379310344827586
2025-01-19,ServiceDesk-B,25,0.64,4421.92,3.528
2025-01-20,Apps,15,0.4666666666666667,4308.933333333333,3.8066666666666666
2025-01-20,EUCP,11,0.45454545454545453,3310.818181818182,3.8545454545454545
2025-01-20,FieldSupport,20,0.45,3986.95,4.025
2025-01-20,MajorIncident,8,0.125,2013.0,3.6625
2025-01-20,Networks,14,0.5714285714285714,4802.785714285715,3.7142857142857144
2025-01-20,SecurityOps,17,0.7058823529411765,4897.64705882353,3.8588235294117643
2025-01-20,ServiceDesk-A,36,0.3333333333333333,3898.527777777778,3.941666666666667
2025-01-20,ServiceDesk-B,25,0.44,3575.28,3.9040000000000004
2025-01-21,Apps,12,0.6666666666666666,4158.416666666667,3.4333333333333336
2025-01-21,EUCP,17,0.5294117647058824,3564.9411764705883,3.7058823529411766
2025-01-21,FieldSupport,15,0.6,4004.2,3.6599999999999997
2025-01-21,MajorIncident,3,0.3333333333333333,4135.333333333333,4.933333333333334
2025-01-21,Networks,9,0.5555555555555556,3437.6666666666665,3.8666666666666663
2025-01-21,SecurityOps,10,0.6,5750.0,4.029999999999999
2025-01-21,ServiceDesk-A,32,0.5,3944.71875,3.8875
2025-01-21,ServiceDesk-B,29,0.41379310344827586,3931.2758620689656,3.9068965517241376
2025-01-22,Apps,28,0.6428571428571429,4059.0,3.367857142857143
2025-01-22,EUCP,20,0.45,3876.1,3.8200000000000003
2025-01-22,FieldSupport,16,0.5,3895.875,3.575
2025-01-22,MajorIncident,9,0.7777777777777778,4329.777777777777,3.4444444444444446
2025-01-22,Networks,15,0.5333333333333333,3551.9333333333334,3.9466666666666668
2025-01-22,SecurityOps,13,0.46153846153846156,3761.076923076923,3.923076923076923
2025-01-22,ServiceDesk-A,36,0.5277777777777778,3833.3333333333335,3.716666666666667
2025-01-22,ServiceDesk-B,26,0.5,4193.884615384615,3.7423076923076923
2025-01-23,Apps,14,0.5,3123.1428571428573,3.642857142857143
2025-01-23,EUCP,16,0.3125,2907.3125,4.05
2025-01-23,FieldSupport,16,0.5,4724.375,3.99375
2025-01-23,MajorIncident,5,0.4,3131.8,3.72
2025-01-23,Networks,13,0.3076923076923077,3308.6923076923076,3.8923076923076922
2025-01-23,SecurityOps,13,0.5384615384615384,3760.0,3.946153846153846
2025-01-23,ServiceDesk-A,32,0.21875,3107.65625,4.059375
2025-01-23,ServiceDesk-B,31,0.3548387096774194,3016.2903225806454,4.093548387096774
2025-01-24,Apps,15,0.4,3068.3333333333335,3.64
2025-01-24,EUCP,9,0.5555555555555556,3550.5555555555557,3.6555555555555554
2025-01-24,FieldSupport,24,0.5416666666666666,4760.833333333333,3.8958333333333335
2025-01-24,MajorIncident,4,0.25,2249.5,4.2
2025-01-24,Networks,12,0.16666666666666666,2862.5,4.2
2025-01-24,SecurityOps,15,0.5333333333333333,4009.2,3.6666666666666665
2025-01-24,ServiceDesk-A,29,0.3793103448275862,3700.310344827586,3.7275862068965515
2025-01-24,ServiceDesk-B,15,0.5333333333333333,4250.733333333334,3.453333333333333
2025-01-25,Apps,14,0.5,4506.0,3.6999999999999997
2025-01-25,EUCP,15,0.5333333333333333,4111.533333333334,3.993333333333333
2025-01-25,FieldSupport,17,0.5882352941176471,4383.0,3.6999999999999997
2025-01-25,MajorIncident,6,0.16666666666666666,2998.3333333333335,4.066666666666667
2025-01-25,Networks,18,0.5555555555555556,3541.0,3.8388888888888886
2025-01-25,SecurityOps,15,0.8,5982.866666666667,3.606666666666667
2025-01-25,ServiceDesk-A,32,0.375,3186.59375,4.159375
2025-01-25,ServiceDesk-B,33,0.48484848484848486,4041.181818181818,3.5727272727272728
2025-01-26,Apps,12,0.5833333333333334,2930.5,3.525
2025-01-26,EUCP,16,0.25,3253.8125,4.075
2025-01-26,FieldSupport,19,0.47368421052631576,3861.0,3.9157894736842107
2025-01-26,MajorIncident,6,0.3333333333333333,4686.5,3.983333333333333
2025-01-26,Networks,24,0.4166666666666667,2908.4583333333335,3.6791666666666667
2025-01-26,SecurityOps,22,0.7727272727272727,4358.590909090909,3.2409090909090907
2025-01-26,ServiceDesk-A,39,0.358974358974359,3019.641025641026,3.77948717948718
2025-01-26,ServiceDesk-B,24,0.4166666666666667,3950.8333333333335,3.716666666666667
2025-01-27,Apps,19,0.5263157894736842,4245.263157894737,3.8210526315789473
2025-01-27,EUCP,16,0.125,3522.125,4.06875
2025-01-27,FieldSupport,17,0.7647058823529411,4555.64705882353,3.3705882352941177
2025-01-27,MajorIncident,5,0.2,3681.2,3.5799999999999996
2025-01-27,Networks,20,0.4,4051.45,4.07
2025-01-27,SecurityOps,16,0.5625,3974.8125,3.78125
2025-01-27,ServiceDesk-A,29,0.2413793103448276,3356.896551724138,4.0
2025-01-27,ServiceDesk-B,27,0.2962962962962963,3458.185185185185,3.9925925925925925
2025-01-28,Apps,18,0.5555555555555556,4778.888888888889,4.066666666666666
2025-01-28,EUCP,14,0.42857142857142855,4566.071428571428,3.457142857142857
2025-01-28,FieldSupport,16,0.5625,3824.5,3.64375
2025-01-28,MajorIncident,3,0.3333333333333333,3799.6666666666665,3.8333333333333335
2025-01-28,Networks,14,0.5,3314.785714285714,3.692857142857143
2025-01-28,SecurityOps,16,0.625,4262.0,3.94375
2025-01-28,ServiceDesk-A,28,0.4642857142857143,3172.25,3.9964285714285714
2025-01-28,ServiceDesk-B,26,0.6153846153846154,3934.653846153846,3.896153846153846
2025-01-29,Apps,18,0.5555555555555556,3682.6666666666665,3.8444444444444446
2025-01-29,EUCP,10,0.4,2950.9,3.54
2025-01-29,FieldSupport,18,0.6111111111111112,4157.222222222223,3.522222222222222
2025-01-29,MajorIncident,5,0.6,3778.6,3.2199999999999998
2025-01-29,Networks,21,0.42857142857142855,4033.5238095238096,3.695238095238095
2025-01-29,SecurityOps,21,0.5714285714285714,4857.428571428572,3.7714285714285714
2025-01-29,ServiceDesk-A,27,0.48148148148148145,3187.777777777778,3.974074074074074
2025-01-29,ServiceDesk-B,32,0.4375,3824.625,3.965625
2025-01-30,Apps,16,0.5625,4358.6875,3.875
2025-01-30,EUCP,9,0.5555555555555556,3351.5555555555557,3.922222222222222
2025-01-30,FieldSupport,20,0.75,3829.15,3.66
2025-01-30,MajorIncident,7,0.42857142857142855,2542.285714285714,3.8714285714285714
2025-01-30,Networks,7,0.2857142857142857,4324.142857142857,4.114285714285714
2025-01-30,SecurityOps,13,0.5384615384615384,3649.923076923077,3.623076923076923
2025-01-30,ServiceDesk-A,29,0.3793103448275862,3514.551724137931,3.893103448275862
2025-01-30,ServiceDesk-B,34,0.4411764705882353,4397.0,3.7470588235294118
2025-01-31,Apps,13,0.6153846153846154,4284.0,3.6923076923076925
2025-01-31,EUCP,12,0.25,2876.5833333333335,4.191666666666666
2025-01-31,FieldSupport,18,0.4444444444444444,3328.8333333333335,3.5888888888888886
2025-01-31,MajorIncident,4,0.25,3058.5,4.15
2025-01-31,Networks,13,0.7692307692307693,5082.846153846154,3.446153846153846
2025-01-31,SecurityOps,16,0.5,3314.625,3.59375
2025-01-31,ServiceDesk-A,23,0.4782608695652174,3929.0434782608695,3.808695652173913
2025-01-31,ServiceDesk-B,27,0.4074074074074074,3482.5185185185187,3.696296296296296
2025-02-01,Apps,13,0.46153846153846156,3796.5384615384614,3.623076923076923
2025-02-01,EUCP,11,0.6363636363636364,4078.2727272727275,3.2545454545454544
2025-02-01,FieldSupport,19,0.5789473684210527,4602.210526315789,3.642105263157895
2025-02-01,MajorIncident,7,0.2857142857142857,2615.0,3.7285714285714286
2025-02-01,Networks,16,0.6875,5097.375,3.74375
2025-02-01,SecurityOps,15,0.6666666666666666,5106.866666666667,3.7733333333333334
2025-02-01,ServiceDesk-A,29,0.3448275862068966,3396.655172413793,3.7655172413793103
2025-02-01,ServiceDesk-B,37,0.43243243243243246,2710.2702702702704,3.7162162162162162
2025-02-02,Apps,15,0.4666666666666667,4587.866666666667,3.7
2025-02-02,EUCP,16,0.5,4371.3125,3.8375
2025-02-02,FieldSupport,13,0.6923076923076923,3607.5384615384614,3.792307692307692
2025-02-02,MajorIncident,8,0.25,2373.25,4.025
2025-02-02,Networks,17,0.5882352941176471,4021.470588235294,3.5470588235294116
2025-02-02,SecurityOps,15,0.5333333333333333,3802.4666666666667,3.6266666666666665
2025-02-02,ServiceDesk-A,29,0.27586206896551724,3024.4137931034484,4.189655172413793
2025-02-02,ServiceDesk-B,27,0.5185185185185185,3102.5185185185187,3.5037037037037035
2025-02-03,Apps,17,0.47058823529411764,4015.0,3.8117647058823527
2025-02-03,EUCP,9,0.6666666666666666,3474.3333333333335,4.077777777777778
2025-02-03,FieldSupport,15,0.4666666666666667,5579.333333333333,3.3266666666666667
2025-02-03,MajorIncident,6,0.5,3283.0,4.016666666666667
2025-02-03,Networks,16,0.625,3605.4375,3.46875
2025-02-03,SecurityOps,14,0.5714285714285714,4295.785714285715,3.664285714285714
2025-02-03,ServiceDesk-A,25,0.52,3871.8,3.904
2025-02-03,ServiceDesk-B,29,0.4827586206896552,3388.7241379310344,3.782758620689655
2025-02-04,Apps,18,0.3333333333333333,3033.6666666666665,3.811111111111111
2025-02-04,EUCP,17,0.4117647058823529,2561.4117647058824,3.5823529411764703
2025-02-04,FieldSupport,18,0.3888888888888889,3542.3888888888887,3.9111111111111114
2025-02-04,MajorIncident,6,0.0,2630.3333333333335,4.233333333333333
2025-02-04,Networks,20,0.65,3897.65,3.6700000000000004
2025-02-04,SecurityOps,16,0.5,3824.5625,3.64375
2025-02-04,ServiceDesk-A,31,0.2903225806451613,3129.8709677419356,3.954838709677419
2025-02-04,ServiceDesk-B,38,0.39473684210526316,3781.2368421052633,3.702631578947368
2025-02-05,Apps,15,0.4666666666666667,4351.866666666667,4.02
2025-02-05,EUCP,11,0.5454545454545454,3366.3636363636365,3.536363636363636
2025-02-05,FieldSupport,23,0.5217391304347826,4123.826086956522,3.4478260869565216
2025-02-05,MajorIncident,5,0.0,1966.4,4.5200000000000005
2025-02-05,Networks,24,0.4166666666666667,3695.9166666666665,3.908333333333333
2025-02-05,SecurityOps,16,0.625,5383.125,3.68125
2025-02-05,ServiceDesk-A,20,0.2,3402.35,4.26
2025-02-05,ServiceDesk-B,22,0.45454545454545453,4561.863636363636,3.7954545454545454
2025-02-06,Apps,25,0.6,4175.24,3.516
2025-02-06,EUCP,15,0.4,3478.6666666666665,3.6733333333333333
2025-02-06,FieldSupport,23,0.782608695652174,4976.782608695652,3.630434782608696
2025-02-06,MajorIncident,5,0.8,4204.8,3.8
2025-02-06,Networks,14,0.7142857142857143,4665.714285714285,3.7642857142857147
2025-02-06,SecurityOps,14,0.7142857142857143,5311.785714285715,3.75
2025-02-06,ServiceDesk-A,32,0.3125,3046.9375,4.03125
2025-02-06,ServiceDesk-B,20,0.35,3179.85,3.785
2025-02-07,Apps,18,0.3333333333333333,4274.111111111111,4.1
2025-02-07,EUCP,11,0.5454545454545454,4139.545454545455,3.7909090909090906
2025-02-07,FieldSupport,22,0.5909090909090909,3335.818181818182,3.3045454545454547
2025-02-07,MajorIncident,4,0.25,3266.0,3.875
2025-02-07,Networks,9,0.7777777777777778,4564.444444444444,3.611111111111111
2025-02-07,SecurityOps,8,0.625,5069.5,3.925
2025-02-07,ServiceDesk-A,34,0.38235294117647056,3897.5588235294117,3.9323529411764704
2025-02-07,ServiceDesk-B,25,0.36,3542.0,3.824
2025-02-08,Apps,17,0.4117647058823529,4410.294117647059,3.8882352941176466
2025-02-08,EUCP,17,0.4117647058823529,3498.3529411764707,3.9
2025-02-08,FieldSupport,27,0.5555555555555556,3979.222222222222,3.8333333333333335
2025-02-08,MajorIncident,6,0.3333333333333333,4478.833333333333,3.9499999999999997
2025-02-08,Networks,15,0.4666666666666667,4176.133333333333,3.82
2025-02-08,SecurityOps,15,0.6,4886.533333333334,3.6333333333333333
2025-02-08,ServiceDesk-A,34,0.20588235294117646,3190.323529411765,4.070588235294117
2025-02-08,ServiceDesk-B,23,0.2608695652173913,3803.8260869565215,4.091304347826087
2025-02-09,Apps,13,0.6153846153846154,4880.153846153846,3.753846153846154
2025-02-09,EUCP,10,0.6,4239.6,3.6799999999999997
2025-02-09,FieldSupport,22,0.5,3447.3636363636365,3.9318181818181817
2025-02-09,MajorIncident,5,0.4,4403.4,3.9599999999999995
2025-02-09,Networks,12,0.5,2859.0,3.5666666666666664
2025-02-09,SecurityOps,13,0.38461538461538464,4509.692307692308,4.1
2025-02-09,ServiceDesk-A,30,0.3,3774.5666666666666,4.21
2025-02-09,ServiceDesk-B,27,0.6666666666666666,3628.4814814814813,3.6814814814814816
2025-02-10,Apps,13,0.6153846153846154,4497.923076923077,3.661538461538462
2025-02-10,EUCP,14,0.2857142857142857,2968.785714285714,3.9071428571428575
2025-02-10,FieldSupport,19,0.5789473684210527,3890.4210526315787,3.857894736842105
2025-02-10,MajorIncident,3,0.6666666666666666,3709.6666666666665,3.8333333333333335
2025-02-10,Networks,14,0.7142857142857143,4038.8571428571427,3.592857142857143
2025-02-10,SecurityOps,12,0.5833333333333334,3507.75,3.65
2025-02-10,ServiceDesk-A,33,0.3939393939393939,3631.7272727272725,3.8515151515151516
2025-02-10,ServiceDesk-B,24,0.4166666666666667,3030.5416666666665,3.6333333333333333
2025-02-11,Apps,19,0.5789473684210527,4918.473684210527,3.5631578947368423
2025-02-11,EUCP,12,0.5,3590.3333333333335,3.8833333333333333
2025-02-11,FieldSupport,19,0.5789473684210527,4221.684210526316,3.878947368421053
2025-02-11,MajorIncident,4,0.25,3719.0,3.775
2025-02-11,Networks,12,0.4166666666666667,4049.9166666666665,3.591666666666667
2025-02-11,SecurityOps,8,0.5,2500.875,3.6624999999999996
2025-02-11,ServiceDesk-A,32,0.28125,3638.625,3.9125
2025-02-11,ServiceDesk-B,27,0.4444444444444444,3294.1481481481483,3.781481481481481
2025-02-12,Apps,9,0.6666666666666666,3183.5555555555557,3.566666666666667
2025-02-12,EUCP,21,0.5238095238095238,4217.9047619047615,3.8238095238095235
2025-02-12,FieldSupport,26,0.6923076923076923,4183.7692307692305,3.7
2025-02-12,MajorIncident,10,0.3,2367.2,4.42
2025-02-12,Networks,13,0.6923076923076923,4673.384615384615,3.276923076923077
2025-02-12,SecurityOps,17,0.6470588235294118,4363.294117647059,3.6882352941176473
2025-02-12,ServiceDesk-A,30,0.3333333333333333,3111.866666666667,3.8666666666666667
2025-02-12,ServiceDesk-B,27,0.37037037037037035,2855.4814814814813,3.7518518518518515
2025-02-13,Apps,9,0.5555555555555556,4885.777777777777,4.022222222222222
2025-02-13,EUCP,12,0.5833333333333334,3226.5,3.8499999999999996
2025-02-13,FieldSupport,15,0.6666666666666666,3969.733333333333,3.6799999999999997
2025-02-13,MajorIncident,3,0.3333333333333333,2281.3333333333335,3.233333333333333
2025-02-13,Networks,12,0.6666666666666666,3677.4166666666665,3.3666666666666667
2025-02-13,SecurityOps,12,0.5,3947.5833333333335,3.8833333333333333
2025-02-13,ServiceDesk-A,38,0.42105263157894735,3972.342105263158,4.010526315789474
2025-02-13,ServiceDesk-B,19,0.47368421052631576,3781.315789473684,3.7789473684210524
2025-02-14,Apps,17,0.35294117647058826,3349.0588235294117,4.070588235294117
2025-02-14,EUCP,25,0.4,3912.6,3.992
2025-02-14,FieldSupport,28,0.4642857142857143,2979.3571428571427,3.6964285714285716
2025-02-14,MajorIncident,10,0.3,2841.5,4.0600000000000005
2025-02-14,Networks,17,0.4117647058823529,3274.529411764706,3.7470588235294118
2025-02-14,SecurityOps,19,0.5789473684210527,4418.1578947368425,3.905263157894737
2025-02-14,ServiceDesk-A,32,0.375,3373.75,3.896875
2025-02-14,ServiceDesk-B,31,0.3548387096774194,3529.1290322580644,3.987096774193548
2025-02-15,Apps,12,0.5833333333333334,4203.666666666667,3.6166666666666667
2025-02-15,EUCP,10,0.3,3522.8,3.7
2025-02-15,FieldSupport,18,0.6666666666666666,4838.833333333333,3.677777777777778
2025-02-15,MajorIncident,6,0.0,2273.5,3.9333333333333336
2025-02-15,Networks,9,0.6666666666666666,5151.333333333333,3.2777777777777777
2025-02-15,SecurityOps,15,0.6666666666666666,3009.4,3.68
2025-02-15,ServiceDesk-A,22,0.4090909090909091,3354.7272727272725,3.9545454545454546
2025-02-15,ServiceDesk-B,29,0.5862068965517241,4484.379310344828,3.782758620689655
2025-02-16,Apps,18,0.5,3170.1666666666665,3.8833333333333337
2025-02-16,EUCP,13,0.46153846153846156,3434.769230769231,3.3
2025-02-16,FieldSupport,25,0.6,3883.12,3.616
2025-02-16,MajorIncident,5,0.4,3115.2,3.6399999999999997
2025-02-16,Networks,10,0.6,3672.5,3.6100000000000003
2025-02-16,SecurityOps,10,0.5,4021.0,3.7
2025-02-16,ServiceDesk-A,32,0.375,3222.75,3.715625
2025-02-16,ServiceDesk-B,19,0.21052631578947367,3168.9473684210525,4.0
2025-02-17,Apps,13,0.5384615384615384,3872.0,3.853846153846154
2025-02-17,EUCP,11,0.5454545454545454,4931.181818181818,4.1454545454545455
2025-02-17,FieldSupport,22,0.6363636363636364,3952.4545454545455,3.7318181818181815
2025-02-17,MajorIncident,9,0.4444444444444444,3844.4444444444443,4.1
2025-02-17,Networks,19,0.47368421052631576,3725.6315789473683,3.7789473684210524
2025-02-17,SecurityOps,21,0.5714285714285714,4818.285714285715,3.576190476190476
2025-02-17,ServiceDesk-A,25,0.36,3301.76,4.052
2025-02-17,ServiceDesk-B,27,0.4444444444444444,3414.3333333333335,4.292592592592593
2025-02-18,Apps,9,0.2222222222222222,3369.1111111111113,4.222222222222222
2025-02-18,EUCP,15,0.4666666666666667,2783.6,4.02
2025-02-18,FieldSupport,22,0.7272727272727273,5353.318181818182,3.4272727272727277
2025-02-18,MajorIncident,6,0.3333333333333333,3487.0,4.333333333333333
2025-02-18,Networks,18,0.2777777777777778,2777.6666666666665,4.194444444444445
2025-02-18,SecurityOps,11,0.5454545454545454,3205.0,3.709090909090909
2025-02-18,ServiceDesk-A,38,0.3157894736842105,3707.0263157894738,4.060526315789474
2025-02-18,ServiceDesk-B,22,0.4090909090909091,4474.863636363636,3.840909090909091
2025-02-19,Apps,17,0.47058823529411764,3089.823529411765,3.6882352941176473
2025-02-19,EUCP,17,0.47058823529411764,4261.294117647059,4.0
2025-02-19,FieldSupport,22,0.5,4682.045454545455,3.7545454545454544
2025-02-19,MajorIncident,3,0.3333333333333333,2344.3333333333335,3.5666666666666664
2025-02-19,Networks,14,0.5714285714285714,4101.428571428572,3.6357142857142857
2025-02-19,SecurityOps,6,0.8333333333333334,6817.0,3.1666666666666665
2025-02-19,ServiceDesk-A,36,0.4444444444444444,3641.4444444444443,3.813888888888889
2025-02-19,ServiceDesk-B,20,0.55,4728.65,3.8200000000000003
2025-02-20,Apps,15,0.4,3723.4,3.64
2025-02-20,EUCP,15,0.4,3525.733333333333,4.073333333333333
2025-02-20,FieldSupport,20,0.75,5502.65,3.3950000000000005
2025-02-20,MajorIncident,7,0.5714285714285714,4393.142857142857,3.8857142857142857
2025-02-20,Networks,15,0.4666666666666667,4079.0,4.013333333333334
2025-02-20,SecurityOps,18,0.3888888888888889,3680.8333333333335,3.9055555555555554
2025-02-20,ServiceDesk-A,31,0.4838709677419355,3665.1612903225805,3.674193548387097
2025-02-20,ServiceDesk-B,31,0.5806451612903226,4244.258064516129,3.893548387096774
2025-02-21,Apps,22,0.45454545454545453,3703.2727272727275,3.659090909090909
2025-02-21,EUCP,10,0.4,3407.2,4.0600000000000005
2025-02-21,FieldSupport,14,0.6428571428571429,4630.0,3.35
2025-02-21,MajorIncident,7,0.14285714285714285,2255.5714285714284,4.3
2025-02-21,Networks,20,0.45,3662.2,3.935
2025-02-21,SecurityOps,15,0.4666666666666667,3458.733333333333,3.86
2025-02-21,ServiceDesk-A,24,0.4166666666666667,3673.0833333333335,3.8958333333333335
2025-02-21,ServiceDesk-B,22,0.36363636363636365,3241.681818181818,3.9909090909090907
2025-02-22,Apps,14,0.35714285714285715,3334.6428571428573,3.957142857142857
2025-02-22,EUCP,11,0.36363636363636365,2749.0,3.7636363636363637
2025-02-22,FieldSupport,16,0.625,3677.6875,3.3875
2025-02-22,MajorIncident,6,0.6666666666666666,3565.0,3.516666666666667
2025-02-22,Networks,16,0.375,3353.75,4.025
2025-02-22,SecurityOps,16,0.5,3714.0625,3.73125
2025-02-22,ServiceDesk-A,26,0.4230769230769231,3157.5,3.5615384615384613
2025-02-22,ServiceDesk-B,26,0.4230769230769231,3121.5,3.9192307692307695
2025-02-23,Apps,14,0.5714285714285714,4002.9285714285716,3.2785714285714285
2025-02-23,EUCP,21,0.42857142857142855,4283.428571428572,3.657142857142857
2025-02-23,FieldSupport,24,0.6666666666666666,4362.25,3.516666666666667
2025-02-23,MajorIncident,5,0.0,1483.2,3.34
2025-02-23,Networks,9,0.5555555555555556,3741.0,3.8777777777777778
2025-02-23,SecurityOps,16,0.5,4369.0625,3.8875
2025-02-23,ServiceDesk-A,28,0.39285714285714285,2939.964285714286,4.178571428571429
2025-02-23,ServiceDesk-B,23,0.6086956521739131,3837.2608695652175,3.7956521739130435
2025-02-24,Apps,19,0.5789473684210527,3495.4736842105262,3.5894736842105264
2025-02-24,EUCP,17,0.5882352941176471,3942.470588235294,3.735294117647059
2025-02-24,FieldSupport,19,0.631578947368421,3806.2631578947367,3.4684210526315793
2025-02-24,MajorIncident,5,0.2,2390.2,3.94
2025-02-24,Networks,17,0.4117647058823529,3755.294117647059,4.129411764705883
2025-02-24,SecurityOps,17,0.47058823529411764,3753.235294117647,3.635294117647059
2025-02-24,ServiceDesk-A,38,0.6052631578947368,4670.8421052631575,3.776315789473684
2025-02-24,ServiceDesk-B,28,0.4642857142857143,3878.964285714286,3.7821428571428575
2025-02-25,Apps,18,0.5,3975.6111111111113,3.6555555555555554
2025-02-25,EUCP,11,0.6363636363636364,3776.818181818182,3.5181818181818185
2025-02-25,FieldSupport,18,0.6666666666666666,4781.666666666667,3.605555555555556
2025-02-25,MajorIncident,2,0.0,2060.5,3.9
2025-02-25,Networks,7,0.5714285714285714,3582.1428571428573,4.042857142857143
2025-02-25,SecurityOps,17,0.47058823529411764,3513.764705882353,3.7235294117647055
2025-02-25,ServiceDesk-A,42,0.3333333333333333,3956.0,3.988095238095238
2025-02-25,ServiceDesk-B,24,0.5,4160.958333333333,3.7458333333333336
2025-02-26,Apps,10,0.5,3313.0,3.4299999999999997
2025-02-26,EUCP,19,0.47368421052631576,3637.4736842105262,3.8631578947368417
2025-02-26,FieldSupport,17,0.7647058823529411,5078.058823529412,3.3882352941176466
2025-02-26,MajorIncident,7,0.2857142857142857,3619.714285714286,4.228571428571429
2025-02-26,Networks,18,0.3888888888888889,2972.777777777778,4.211111111111111
2025-02-26,SecurityOps,24,0.5,4400.583333333333,3.733333333333333
2025-02-26,ServiceDesk-A,26,0.4230769230769231,3978.923076923077,3.8653846153846154
2025-02-26,ServiceDesk-B,27,0.5555555555555556,3767.4814814814813,3.525925925925926
2025-02-27,Apps,11,0.7272727272727273,4825.909090909091,3.2363636363636363
2025-02-27,EUCP,12,0.3333333333333333,3521.0833333333335,3.8666666666666667
2025-02-27,FieldSupport,31,0.7096774193548387,4456.064516129032,3.2774193548387096
2025-02-27,MajorIncident,5,0.4,1717.6,4.1
2025-02-27,Networks,15,0.4,3459.2,3.6266666666666665
2025-02-27,SecurityOps,13,0.5384615384615384,3239.076923076923,3.976923076923077
2025-02-27,ServiceDesk-A,36,0.4444444444444444,3987.4166666666665,3.841666666666667
2025-02-27,ServiceDesk-B,23,0.6521739130434783,4982.652173913043,3.582608695652174
2025-02-28,Apps,14,0.9285714285714286,4254.428571428572,3.5142857142857147
2025-02-28,EUCP,18,0.4444444444444444,3515.722222222222,3.827777777777778
2025-02-28,FieldSupport,23,0.5217391304347826,3925.608695652174,3.786956521739131
2025-02-28,MajorIncident,4,0.25,2387.25,3.55
2025-02-28,Networks,14,0.5714285714285714,4784.857142857143,3.5
2025-02-28,SecurityOps,18,0.6111111111111112,5987.333333333333,3.5833333333333335
2025-02-28,ServiceDesk-A,30,0.5,3026.7,3.9366666666666665
2025-02-28,ServiceDesk-B,19,0.3157894736842105,2657.684210526316,3.7052631578947373
2025-03-01,Apps,16,0.5625,4042.9375,3.70625
2025-03-01,EUCP,15,0.4,3237.0,3.8400000000000003
2025-03-01,FieldSupport,14,0.5,3519.785714285714,3.5714285714285716
2025-03-01,MajorIncident,4,0.25,5692.25,4.275
2025-03-01,Networks,10,0.7,4023.1,3.8200000000000003
2025-03-01,SecurityOps,17,0.47058823529411764,3649.0588235294117,3.6470588235294117
2025-03-01,ServiceDesk-A,32,0.375,2670.90625,3.921875
2025-03-01,ServiceDesk-B,22,0.5454545454545454,3550.7727272727275,3.5681818181818183
2025-03-02,Apps,10,0.8,5799.8,3.3299999999999996
2025-03-02,EUCP,14,0.21428571428571427,2944.1428571428573,4.042857142857143
2025-03-02,FieldSupport,14,0.35714285714285715,3520.5714285714284,3.9499999999999997
2025-03-02,MajorIncident,6,0.16666666666666666,1859.5,4.166666666666667
2025-03-02,Networks,12,0.5833333333333334,3717.0833333333335,3.658333333333333
2025-03-02,SecurityOps,12,0.75,4315.75,3.5500000000000003
2025-03-02,ServiceDesk-A,35,0.4,3423.2,3.882857142857143
2025-03-02,ServiceDesk-B,22,0.22727272727272727,2960.1363636363635,4.304545454545455
2025-03-03,Apps,13,0.23076923076923078,3164.769230769231,4.069230769230769
2025-03-03,EUCP,21,0.5238095238095238,4472.619047619048,3.761904761904762
2025-03-03,FieldSupport,26,0.7307692307692307,4895.884615384615,3.526923076923077
2025-03-03,MajorIncident,8,0.25,2460.875,3.8
2025-03-03,Networks,11,0.36363636363636365,3947.4545454545455,3.6363636363636362
2025-03-03,SecurityOps,10,0.5,3800.7,3.72
2025-03-03,ServiceDesk-A,30,0.36666666666666664,4255.233333333334,3.893333333333333
2025-03-03,ServiceDesk-B,27,0.4444444444444444,3529.074074074074,3.7888888888888888
2025-03-04,Apps,17,0.35294117647058826,2806.0,3.823529411764706
2025-03-04,EUCP,20,0.25,2910.7,3.825
2025-03-04,FieldSupport,26,0.5769230769230769,4154.692307692308,3.9192307692307695
2025-03-04,MajorIncident,6,0.16666666666666666,1935.8333333333333,3.9666666666666663
2025-03-04,Networks,14,0.42857142857142855,4417.285714285715,3.892857142857143
2025-03-04,SecurityOps,8,0.625,3673.625,3.825
2025-03-04,ServiceDesk-A,22,0.4090909090909091,3474.818181818182,3.9227272727272724
2025-03-04,ServiceDesk-B,20,0.35,3675.45,3.87
2025-03-05,Apps,14,0.35714285714285715,4446.571428571428,3.814285714285714
2025-03-05,EUCP,21,0.47619047619047616,3268.3809523809523,3.619047619047619
2025-03-05,FieldSupport,18,0.5555555555555556,3899.222222222222,3.861111111111111
2025-03-05,MajorIncident,8,0.25,3872.875,3.7375
2025-03-05,Networks,17,0.47058823529411764,3316.6470588235293,3.9
2025-03-05,SecurityOps,16,0.5,3484.375,3.5875
2025-03-05,ServiceDesk-A,31,0.2903225806451613,3263.451612903226,4.02258064516129
2025-03-05,ServiceDesk-B,24,0.4166666666666667,4064.0833333333335,3.7416666666666667
2025-03-06,Apps,12,0.25,3214.0833333333335,4.208333333333333
2025-03-06,EUCP,18,0.4444444444444444,3593.4444444444443,3.816666666666667
2025-03-06,FieldSupport,12,0.5833333333333334,3629.3333333333335,3.7583333333333333
2025-03-06,MajorIncident,4,0.0,2624.5,4.6
2025-03-06,Networks,17,0.6470588235294118,5625.941176470588,3.923529411764706
2025-03-06,SecurityOps,11,0.5454545454545454,3118.4545454545455,3.5818181818181816
2025-03-06,ServiceDesk-A,31,0.3548387096774194,3431.483870967742,3.861290322580645
2025-03-06,ServiceDesk-B,26,0.46153846153846156,3324.3076923076924,3.8153846153846156
2025-03-07,Apps,8,0.5,4546.75,3.6875
2025-03-07,EUCP,13,0.6153846153846154,2798.0,3.838461538461538
2025-03-07,FieldSupport,25,0.68,5269.48,3.6319999999999997
2025-03-07,MajorIncident,7,0.42857142857142855,4200.714285714285,4.0285714285714285
2025-03-07,Networks,12,0.5,3675.0833333333335,3.9166666666666665
2025-03-07,SecurityOps,11,0.45454545454545453,3539.0,4.1000000000000005
2025-03-07,ServiceDesk-A,31,0.5161290322580645,3137.064516129032,3.7870967741935484
2025-03-07,ServiceDesk-B,33,0.5454545454545454,4314.363636363636,3.590909090909091
2025-03-08,Apps,15,0.4666666666666667,3906.0666666666666,3.6866666666666665
2025-03-08,EUCP,9,0.3333333333333333,2888.0,3.9777777777777774
2025-03-08,FieldSupport,17,0.7647058823529411,4585.411764705882,3.335294117647059
2025-03-08,MajorIncident,5,0.6,3256.4,3.28
2025-03-08,Networks,11,0.6363636363636364,3423.2727272727275,3.627272727272727
2025-03-08,SecurityOps,4,0.5,5311.25,3.9
2025-03-08,ServiceDesk-A,30,0.5,4187.7,3.69
2025-03-08,ServiceDesk-B,26,0.4230769230769231,4199.115384615385,3.973076923076923
2025-03-09,Apps,20,0.55,3443.6,3.7299999999999995
2025-03-09,EUCP,18,0.5555555555555556,3767.3333333333335,3.7277777777777774
2025-03-09,FieldSupport,10,0.9,4289.5,3.19
2025-03-09,MajorIncident,7,0.42857142857142855,3376.8571428571427,3.8428571428571425
2025-03-09,Networks,18,0.5555555555555556,4388.166666666667,3.744444444444445
2025-03-09,SecurityOps,15,0.5333333333333333,3446.733333333333,3.533333333333333
2025-03-09,ServiceDesk-A,41,0.36585365853658536,3939.878048780488,4.021951219512196
2025-03-09,ServiceDesk-B,31,0.2903225806451613,2939.516129032258,3.806451612903226
2025-03-10,Apps,16,0.4375,3905.4375,3.81875
2025-03-10,EUCP,11,0.2727272727272727,2820.0,4.181818181818182
2025-03-10,FieldSupport,23,0.5217391304347826,2857.8695652173915,3.6652173913043478
2025-03-10,MajorIncident,7,0.2857142857142857,2800.714285714286,3.6142857142857143
2025-03-10,Networks,9,0.3333333333333333,2379.222222222222,3.9444444444444446
2025-03-10,SecurityOps,8,0.75,3952.25,3.55
2025-03-10,ServiceDesk-A,41,0.4146341463414634,3582.3658536585367,3.8560975609756096
2025-03-10,ServiceDesk-B,23,0.2608695652173913,2704.2608695652175,4.039130434782609
2025-03-11,Apps,17,0.35294117647058826,4085.9411764705883,3.6882352941176473
2025-03-11,EUCP,13,0.3076923076923077,2725.769230769231,3.876923076923077
2025-03-11,FieldSupport,20,0.5,4923.45,3.775
2025-03-11,MajorIncident,6,0.16666666666666666,2790.5,4.083333333333333
2025-03-11,Networks,17,0.6470588235294118,4113.35294117647,3.905882352941177
2025-03-11,SecurityOps,14,0.7857142857142857,5274.071428571428,3.6214285714285714
2025-03-11,ServiceDesk-A,25,0.44,3238.52,3.736
2025-03-11,ServiceDesk-B,29,0.5172413793103449,3503.551724137931,4.020689655172413
2025-03-12,Apps,19,0.3684210526315789,3495.0526315789475,3.805263157894737
2025-03-12,EUCP,13,0.38461538461538464,2734.3846153846152,4.007692307692308
2025-03-12,FieldSupport,20,0.75,5134.8,3.525
2025-03-12,MajorIncident,4,0.5,3639.25,3.675
2025-03-12,Networks,14,0.5,4143.0,3.5357142857142856
2025-03-12,SecurityOps,18,0.5,4074.1111111111113,3.6666666666666665
2025-03-12,ServiceDesk-A,24,0.4166666666666667,2727.9166666666665,3.7083333333333335
2025-03-12,ServiceDesk-B,22,0.3181818181818182,3003.818181818182,3.8272727272727276
2025-03-13,Apps,13,0.46153846153846156,2885.769230769231,3.630769230769231
2025-03-13,EUCP,18,0.2777777777777778,2996.0,3.7055555555555557
2025-03-13,FieldSupport,13,0.6923076923076923,4931.7692307692305,3.3076923076923075
2025-03-13,MajorIncident,3,0.6666666666666666,4181.333333333333,3.9333333333333336
2025-03-13,Networks,15,0.5333333333333333,4257.933333333333,3.8666666666666667
2025-03-13,SecurityOps,13,0.38461538461538464,2697.3846153846152,4.084615384615384
2025-03-13,ServiceDesk-A,33,0.42424242424242425,3618.787878787879,3.8636363636363638
2025-03-13,ServiceDesk-B,17,0.4117647058823529,4346.35294117647,3.5470588235294116
2025-03-14,Apps,15,0.4666666666666667,3528.866666666667,4.073333333333333
2025-03-14,EUCP,22,0.2727272727272727,2814.590909090909,3.786363636363636
2025-03-14,FieldSupport,25,0.64,5620.52,3.404
2025-03-14,MajorIncident,2,0.5,4581.5,3.55
2025-03-14,Networks,16,0.625,4078.75,3.75
2025-03-14,SecurityOps,21,0.7619047619047619,4608.523809523809,3.5047619047619043
2025-03-14,ServiceDesk-A,28,0.39285714285714285,3633.785714285714,3.8714285714285714
2025-03-14,ServiceDesk-B,22,0.45454545454545453,4218.0,3.772727272727273
2025-03-15,Apps,16,0.5625,4676.375,3.65
2025-03-15,EUCP,17,0.47058823529411764,3252.823529411765,4.035294117647059
2025-03-15,FieldSupport,19,0.7894736842105263,5506.789473684211,3.5789473684210527
2025-03-15,MajorIncident,5,0.0,2798.4,4.4
2025-03-15,Networks,7,0.42857142857142855,2772.285714285714,3.7857142857142856
2025-03-15,SecurityOps,9,0.7777777777777778,3634.5555555555557,3.3777777777777778
2025-03-15,ServiceDesk-A,26,0.34615384615384615,2808.9615384615386,3.853846153846154
2025-03-15,ServiceDesk-B,32,0.40625,3008.84375,3.996875
2025-03-16,Apps,14,0.6428571428571429,4427.428571428572,3.8000000000000003
2025-03-16,EUCP,12,0.4166666666666667,3933.4166666666665,4.058333333333334
2025-03-16,FieldSupport,21,0.6190476190476191,3711.904761904762,3.576190476190476
2025-03-16,MajorIncident,9,0.5555555555555556,2644.0,3.2777777777777777
2025-03-16,Networks,13,0.5384615384615384,4238.692307692308,3.776923076923077
2025-03-16,SecurityOps,17,0.47058823529411764,3610.764705882353,3.9176470588235293
2025-03-16,ServiceDesk-A,27,0.3333333333333333,3383.3703703703704,3.8703703703703702
2025-03-16,ServiceDesk-B,34,0.47058823529411764,3354.794117647059,3.7852941176470587
2025-03-17,Apps,18,0.5,3154.5555555555557,3.9499999999999997
2025-03-17,EUCP,11,0.6363636363636364,2770.090909090909,3.727272727272727
2025-03-17,FieldSupport,18,0.6666666666666666,4145.333333333333,3.3111111111111113
2025-03-17,MajorIncident,5,0.4,3532.4,3.8
2025-03-17,Networks,16,0.75,4014.3125,3.575
2025-03-17,SecurityOps,14,0.5,4015.3571428571427,4.035714285714286
2025-03-17,ServiceDesk-A,37,0.4864864864864865,4516.405405405405,3.762162162162162
2025-03-17,ServiceDesk-B,21,0.47619047619047616,3251.0476190476193,3.6666666666666665
2025-03-18,Apps,17,0.4117647058823529,4276.764705882353,4.047058823529412
2025-03-18,EUCP,20,0.55,3243.7,3.625
2025-03-18,FieldSupport,23,0.5652173913043478,4047.0,3.847826086956522
2025-03-18,MajorIncident,3,0.0,2026.3333333333333,3.9
2025-03-18,Networks,11,0.5454545454545454,4550.181818181818,3.7181818181818183
2025-03-18,SecurityOps,13,0.5384615384615384,3933.153846153846,4.092307692307692
2025-03-18,ServiceDesk-A,16,0.3125,3470.875,4.1375
2025-03-18,ServiceDesk-B,21,0.5714285714285714,4394.0,3.5904761904761906
2025-03-19,Apps,16,0.375,4165.75,3.9375
2025-03-19,EUCP,18,0.2777777777777778,3226.8333333333335,4.027777777777778
2025-03-19,FieldSupport,17,0.7058823529411765,4810.882352941177,3.6058823529411765
2025-03-19,MajorIncident,8,0.25,2915.0,4.0125
2025-03-19,Networks,11,0.5454545454545454,4909.636363636364,3.9818181818181815
2025-03-19,SecurityOps,12,0.5833333333333334,4585.5,3.9583333333333335
2025-03-19,ServiceDesk-A,29,0.3793103448275862,2993.896551724138,4.0344827586206895
2025-03-19,ServiceDesk-B,30,0.5333333333333333,3971.133333333333,3.7066666666666666
2025-03-20,Apps,11,0.5454545454545454,3397.0,3.5181818181818185
2025-03-20,EUCP,9,0.3333333333333333,3968.4444444444443,4.266666666666667
2025-03-20,FieldSupport,16,0.6875,5241.875,3.575
2025-03-20,MajorIncident,5,0.2,2484.0,4.4
2025-03-20,Networks,12,0.3333333333333333,3381.0,4.091666666666667
2025-03-20,SecurityOps,22,0.5,3720.681818181818,3.772727272727273
2025-03-20,ServiceDesk-A,33,0.42424242424242425,3614.0,3.8181818181818183
2025-03-20,ServiceDesk-B,29,0.4827586206896552,3253.0,3.927586206896552
2025-03-21,Apps,11,0.5454545454545454,3061.818181818182,3.5818181818181816
2025-03-21,EUCP,11,0.36363636363636365,2567.0,4.209090909090909
2025-03-21,FieldSupport,20,0.75,5832.45,3.375
2025-03-21,MajorIncident,9,0.5555555555555556,4077.5555555555557,3.9111111111111114
2025-03-21,Networks,17,0.7058823529411765,5111.470588235294,3.335294117647059
2025-03-21,SecurityOps,10,0.7,4087.7,4.12
2025-03-21,ServiceDesk-A,40,0.35,3071.575,4.025
2025-03-21,ServiceDesk-B,31,0.3548387096774194,2893.6451612903224,3.883870967741936
2025-03-22,Apps,13,0.38461538461538464,3505.5384615384614,3.569230769230769
2025-03-22,EUCP,13,0.38461538461538464,2826.5384615384614,3.823076923076923
2025-03-22,FieldSupport,27,0.5555555555555556,4941.222222222223,3.837037037037037
2025-03-22,MajorIncident,5,0.8,4514.4,3.5
2025-03-22,Networks,8,0.375,3434.5,3.9375
2025-03-22,SecurityOps,14,0.7142857142857143,4499.071428571428,3.6
2025-03-22,ServiceDesk-A,31,0.41935483870967744,4104.193548387097,3.6870967741935483
2025-03-22,ServiceDesk-B,22,0.4090909090909091,3647.7272727272725,3.9818181818181815
2025-03-23,Apps,13,0.7692307692307693,4258.0,3.4384615384615387
2025-03-23,EUCP,15,0.4,3296.9333333333334,3.98
2025-03-23,FieldSupport,26,0.5384615384615384,4924.115384615385,3.8307692307692305
2025-03-23,MajorIncident,2,0.0,1503.0,4.3
2025-03-23,Networks,15,0.4,3592.2,3.8400000000000003
2025-03-23,SecurityOps,18,0.5555555555555556,4148.5,3.8000000000000003
2025-03-23,ServiceDesk-A,30,0.3,3334.9666666666667,3.9566666666666666
2025-03-23,ServiceDesk-B,27,0.4074074074074074,3862.259259259259,3.9185185185185185
2025-03-24,Apps,19,0.3684210526315789,3846.4736842105262,3.978947368421052
2025-03-24,EUCP,15,0.4666666666666667,3176.0,3.92
2025-03-24,FieldSupport,21,0.6666666666666666,4792.476190476191,3.7809523809523813
2025-03-24,MajorIncident,7,0.2857142857142857,4699.857142857143,4.142857142857143
2025-03-24,Networks,21,0.6190476190476191,4086.095238095238,3.8
2025-03-24,SecurityOps,11,0.5454545454545454,2780.090909090909,3.4909090909090907
2025-03-24,ServiceDesk-A,31,0.5161290322580645,3938.7741935483873,3.851612903225807
2025-03-24,ServiceDesk-B,16,0.4375,3791.625,4.025
2025-03-25,Apps,15,0.5333333333333333,3839.733333333333,3.3466666666666667
2025-03-25,EUCP,7,0.8571428571428571,4684.857142857143,3.8714285714285714
2025-03-25,FieldSupport,16,0.375,4144.625,3.8249999999999997
2025-03-25,MajorIncident,2,0.0,4073.0,3.8
2025-03-25,Networks,20,0.35,3984.85,4.045
2025-03-25,SecurityOps,12,0.75,3071.6666666666665,3.5833333333333335
2025-03-25,ServiceDesk-A,38,0.34210526315789475,3316.2631578947367,4.007894736842106
2025-03-25,ServiceDesk-B,21,0.47619047619047616,4878.333333333333,3.7
2025-03-26,Apps,14,0.21428571428571427,2783.4285714285716,3.9642857142857144
2025-03-26,EUCP,13,0.3076923076923077,3300.3076923076924,4.084615384615384
2025-03-26,FieldSupport,20,0.55,3614.25,3.905
2025-03-26,MajorIncident,3,0.0,1815.0,4.0
2025-03-26,Networks,14,0.7142857142857143,4155.714285714285,3.685714285714286
2025-03-26,SecurityOps,14,0.6428571428571429,3946.8571428571427,3.642857142857143
2025-03-26,ServiceDesk-A,29,0.27586206896551724,2606.7241379310344,3.927586206896552
2025-03-26,ServiceDesk-B,28,0.6428571428571429,3996.1071428571427,3.392857142857143
2025-03-27,Apps,16,0.4375,2716.5,3.8187499999999996
2025-03-27,EUCP,19,0.5263157894736842,4188.736842105263,3.78421052631579
2025-03-27,FieldSupport,20,0.6,4004.7,3.8049999999999997
2025-03-27,MajorIncident,6,0.5,3378.1666666666665,3.85
2025-03-27,Networks,16,0.4375,4197.3125,3.83125
2025-03-27,SecurityOps,10,0.6,4953.7,3.2399999999999998
2025-03-27,ServiceDesk-A,32,0.46875,3853.875,3.70625
2025-03-27,ServiceDesk-B,25,0.44,3202.48,3.708
2025-03-28,Apps,17,0.29411764705882354,2612.764705882353,3.988235294117647
2025-03-28,EUCP,19,0.3684210526315789,4190.105263157895,3.9947368421052634
2025-03-28,FieldSupport,18,0.5555555555555556,3802.4444444444443,3.6333333333333337
2025-03-28,MajorIncident,7,0.42857142857142855,4063.714285714286,3.7142857142857144
2025-03-28,Networks,12,0.4166666666666667,4182.583333333333,4.058333333333334
2025-03-28,SecurityOps,13,0.38461538461538464,3236.153846153846,4.084615384615384
2025-03-28,ServiceDesk-A,29,0.3448275862068966,2920.2413793103447,3.8379310344827586
2025-03-28,ServiceDesk-B,26,0.6153846153846154,3994.923076923077,3.7192307692307693
2025-03-29,Apps,19,0.5789473684210527,4771.1578947368425,3.694736842105263
2025-03-29,EUCP,19,0.42105263157894735,3385.7368421052633,3.9368421052631577
2025-03-29,FieldSupport,16,0.625,5101.8125,3.89375
2025-03-29,MajorIncident,3,0.3333333333333333,3519.6666666666665,4.1000000000000005
2025-03-29,Networks,8,0.5,3921.125,3.7375
2025-03-29,SecurityOps,11,0.6363636363636364,4697.727272727273,3.4
2025-03-29,ServiceDesk-A,21,0.38095238095238093,2915.6190476190477,3.8333333333333335
2025-03-29,ServiceDesk-B,17,0.35294117647058826,3294.8823529411766,3.9705882352941178
2025-03-30,Apps,15,0.4666666666666667,4663.133333333333,3.8266666666666667
2025-03-30,EUCP,10,0.4,3699.9,3.7600000000000002
2025-03-30,FieldSupport,23,0.6956521739130435,4787.478260869565,3.4565217391304346
2025-03-30,MajorIncident,4,0.5,4411.25,3.425
2025-03-30,Networks,13,0.46153846153846156,3477.230769230769,3.8461538461538463
2025-03-30,SecurityOps,13,0.5384615384615384,3099.846153846154,3.730769230769231
2025-03-30,ServiceDesk-A,37,0.4864864864864865,4138.378378378378,3.8783783783783785
2025-03-30,ServiceDesk-B,32,0.28125,3214.59375,4.0
2025-03-31,Apps,15,0.6,4528.666666666667,3.8
2025-03-31,EUCP,17,0.5294117647058824,4063.0,3.664705882352941
2025-03-31,FieldSupport,17,0.7058823529411765,4378.294117647059,3.388235294117647
2025-03-31,MajorIncident,6,0.16666666666666666,3582.8333333333335,4.283333333333333
2025-03-31,Networks,13,0.46153846153846156,3195.0,3.5538461538461537
2025-03-31,SecurityOps,13,0.46153846153846156,5461.307692307692,4.023076923076923
2025-03-31,ServiceDesk-A,29,0.4482758620689655,3325.7241379310344,3.975862068965517
2025-03-31,ServiceDesk-B,29,0.4482758620689655,3224.5172413793102,3.7275862068965515
2025-04-01,Apps,18,0.6666666666666666,4124.555555555556,3.4833333333333334
2025-04-01,EUCP,12,0.3333333333333333,3977.5,3.908333333333333
2025-04-01,FieldSupport,21,0.6190476190476191,4700.047619047619,3.761904761904762
2025-04-01,MajorIncident,6,0.3333333333333333,2737.6666666666665,4.2
2025-04-01,Networks,22,0.5,3909.3636363636365,4.05
2025-04-01,SecurityOps,17,0.47058823529411764,4405.588235294118,4.2176470588235295
2025-04-01,ServiceDesk-A,44,0.22727272727272727,2707.3636363636365,4.054545454545455
2025-04-01,ServiceDesk-B,29,0.5517241379310345,5049.379310344828,3.603448275862069
2025-04-02,Apps,14,0.5,4906.5,3.6785714285714284
2025-04-02,EUCP,7,0.5714285714285714,4276.0,3.5142857142857147
2025-04-02,FieldSupport,14,0.8571428571428571,5358.285714285715,3.564285714285714
2025-04-02,MajorIncident,4,0.5,3498.5,3.75
2025-04-02,Networks,15,0.4,2141.4666666666667,4.006666666666667
2025-04-02,SecurityOps,19,0.631578947368421,4295.1578947368425,3.7315789473684213
2025-04-02,ServiceDesk-A,23,0.4782608695652174,4230.130434782609,3.639130434782609
2025-04-02,ServiceDesk-B,26,0.34615384615384615,3263.076923076923,3.9692307692307693
2025-04-03,Apps,15,0.6666666666666666,4638.4,3.7
2025-04-03,EUCP,18,0.5,3389.1111111111113,3.855555555555556
2025-04-03,FieldSupport,15,0.6,4382.133333333333,3.44
2025-04-03,MajorIncident,3,0.6666666666666666,2253.0,3.6999999999999997
2025-04-03,Networks,10,0.7,4521.4,3.6799999999999997
2025-04-03,SecurityOps,15,0.4666666666666667,3560.3333333333335,3.6
2025-04-03,ServiceDesk-A,33,0.24242424242424243,3690.6666666666665,4.13939393939394
2025-04-03,ServiceDesk-B,15,0.4666666666666667,2622.9333333333334,3.8733333333333335
2025-04-04,Apps,21,0.5238095238095238,4256.0952380952385,3.842857142857143
2025-04-04,EUCP,13,0.6153846153846154,5489.384615384615,3.715384615384615
2025-04-04,FieldSupport,14,0.6428571428571429,4730.142857142857,3.835714285714286
2025-04-04,MajorIncident,4,0.25,3465.0,4.025
2025-04-04,Networks,17,0.5294117647058824,4906.529411764706,3.764705882352941
2025-04-04,SecurityOps,6,0.6666666666666666,3419.0,3.75
2025-04-04,ServiceDesk-A,33,0.36363636363636365,3116.757575757576,3.912121212121212
2025-04-04,ServiceDesk-B,23,0.391304347826087,4394.130434782609,4.0826086956521745
2025-04-05,Apps,8,0.375,4839.625,3.9000000000000004
2025-04-05,EUCP,16,0.3125,2134.25,3.85625
2025-04-05,FieldSupport,22,0.6818181818181818,3776.590909090909,3.5454545454545454
2025-04-05,MajorIncident,7,0.42857142857142855,3308.0,3.9
2025-04-05,Networks,12,0.5,3025.3333333333335,3.716666666666667
2025-04-05,SecurityOps,20,0.55,4279.55,3.5799999999999996
2025-04-05,ServiceDesk-A,27,0.2962962962962963,2302.777777777778,3.9962962962962965
2025-04-05,ServiceDesk-B,18,0.5,4303.277777777777,3.8833333333333337
2025-04-06,Apps,17,0.4117647058823529,3350.529411764706,3.717647058823529
2025-04-06,EUCP,12,0.5,4030.6666666666665,3.641666666666667
2025-04-06,FieldSupport,21,0.7142857142857143,3862.190476190476,3.7190476190476187
2025-04-06,MajorIncident,9,0.4444444444444444,2972.6666666666665,4.066666666666666
2025-04-06,Networks,14,0.5,3124.5714285714284,3.3785714285714286
2025-04-06,SecurityOps,10,0.3,4021.2,4.2299999999999995
2025-04-06,ServiceDesk-A,30,0.3,3375.266666666667,4.013333333333333
2025-04-06,ServiceDesk-B,30,0.36666666666666664,2905.9,4.013333333333333
2025-04-07,Apps,18,0.4444444444444444,3594.6111111111113,3.7944444444444443
2025-04-07,EUCP,17,0.47058823529411764,5217.176470588235,3.7941176470588234
2025-04-07,FieldSupport,23,0.5652173913043478,5052.695652173913,3.760869565217391
2025-04-07,MajorIncident,4,0.25,4688.5,4.05
2025-04-07,Networks,10,0.6,2863.1,3.6
2025-04-07,SecurityOps,17,0.5294117647058824,3375.9411764705883,3.911764705882353
2025-04-07,ServiceDesk-A,32,0.53125,3864.34375,3.84375
2025-04-07,ServiceDesk-B,23,0.5217391304347826,2763.8260869565215,3.713043478260869
2025-04-08,Apps,17,0.6470588235294118,4204.64705882353,3.6705882352941175
2025-04-08,EUCP,11,0.36363636363636365,3583.2727272727275,3.8454545454545452
2025-04-08,FieldSupport,16,0.5625,4592.4375,3.86875
2025-04-08,MajorIncident,3,0.3333333333333333,850.6666666666666,4.1000000000000005
2025-04-08,Networks,16,0.625,4553.0,3.38125
2025-04-08,SecurityOps,10,0.6,3707.1,3.9299999999999997
2025-04-08,ServiceDesk-A,32,0.34375,3812.28125,4.115625
2025-04-08,ServiceDesk-B,21,0.5238095238095238,4442.9047619047615,3.9047619047619047
2025-04-09,Apps,28,0.6071428571428571,4172.535714285715,3.6285714285714286
2025-04-09,EUCP,7,0.14285714285714285,2133.1428571428573,4.1571428571428575
2025-04-09,FieldSupport,17,0.7647058823529411,5343.588235294118,3.1882352941176473
2025-04-09,MajorIncident,1,1.0,3130.0,4.3
2025-04-09,Networks,11,0.7272727272727273,3102.090909090909,3.472727272727273
2025-04-09,SecurityOps,7,0.2857142857142857,4488.857142857143,3.8999999999999995
2025-04-09,ServiceDesk-A,35,0.37142857142857144,3235.9142857142856,3.825714285714286
2025-04-09,ServiceDesk-B,24,0.5,3889.875,3.75
2025-04-10,Apps,17,0.6470588235294118,5060.941176470588,3.7235294117647055
2025-04-10,EUCP,12,0.3333333333333333,2881.75,3.6166666666666667
2025-04-10,FieldSupport,16,0.375,3504.375,3.85
2025-04-10,MajorIncident,7,0.0,2937.5714285714284,4.114285714285715
2025-04-10,Networks,7,0.7142857142857143,3589.4285714285716,3.557142857142857
2025-04-10,SecurityOps,10,0.5,4780.7,3.7600000000000002
2025-04-10,ServiceDesk-A,35,0.42857142857142855,4110.6,3.7885714285714283
2025-04-10,ServiceDesk-B,22,0.45454545454545453,4013.818181818182,3.6
2025-04-11,Apps,20,0.4,4267.2,3.785
2025-04-11,EUCP,11,0.09090909090909091,2258.3636363636365,4.118181818181818
2025-04-11,FieldSupport,19,0.631578947368421,4152.736842105263,3.6263157894736846
2025-04-11,MajorIncident,3,0.3333333333333333,3667.3333333333335,4.533333333333333
2025-04-11,Networks,14,0.5714285714285714,4324.642857142857,3.814285714285714
2025-04-11,SecurityOps,11,0.36363636363636365,3885.7272727272725,4.090909090909091
2025-04-11,ServiceDesk-A,39,0.4358974358974359,3711.4615384615386,3.62051282051282
2025-04-11,ServiceDesk-B,24,0.3333333333333333,3803.5416666666665,4.129166666666666
2025-04-12,Apps,16,0.375,2789.5625,3.96875
2025-04-12,EUCP,8,0.375,2850.5,3.9375
2025-04-12,FieldSupport,23,0.4782608695652174,3976.913043478261,3.9478260869565216
2025-04-12,MajorIncident,8,0.125,2546.5,4.0625
2025-04-12,Networks,9,0.7777777777777778,4412.555555555556,2.911111111111111
2025-04-12,SecurityOps,10,0.7,4997.4,3.44
2025-04-12,ServiceDesk-A,31,0.22580645161290322,3279.8387096774195,4.125806451612903
2025-04-12,ServiceDesk-B,22,0.13636363636363635,2942.1363636363635,3.9954545454545456
2025-04-13,Apps,15,0.3333333333333333,4192.666666666667,4.2
2025-04-13,EUCP,13,0.6153846153846154,3437.846153846154,3.9615384615384617
2025-04-13,FieldSupport,16,0.6875,4798.3125,3.8
2025-04-13,MajorIncident,7,0.42857142857142855,3448.5714285714284,3.6714285714285713
2025-04-13,Networks,8,0.5,4409.625,3.95
2025-04-13,SecurityOps,13,0.46153846153846156,5114.2307692307695,3.5846153846153848
2025-04-13,ServiceDesk-A,31,0.3548387096774194,3383.6774193548385,4.051612903225807
2025-04-13,ServiceDesk-B,21,0.3333333333333333,4255.428571428572,3.8714285714285714
2025-04-14,Apps,17,0.35294117647058826,4024.764705882353,4.076470588235294
2025-04-14,EUCP,15,0.2,2207.6,4.173333333333334
2025-04-14,FieldSupport,14,0.5,3914.6428571428573,3.5714285714285716
2025-04-14,MajorIncident,6,0.5,4686.166666666667,3.6999999999999997
2025-04-14,Networks,16,0.6875,5131.875,3.475
2025-04-14,SecurityOps,20,0.6,3207.2,3.8899999999999997
2025-04-14,ServiceDesk-A,28,0.5,4081.5,3.5142857142857147
2025-04-14,ServiceDesk-B,23,0.30434782608695654,2564.086956521739,4.2
2025-04-15,Apps,15,0.4,3795.866666666667,3.96
2025-04-15,EUCP,13,0.46153846153846156,4046.846153846154,3.707692307692308
2025-04-15,FieldSupport,15,0.6666666666666666,4933.733333333334,3.5133333333333336
2025-04-15,MajorIncident,7,0.14285714285714285,2879.0,3.942857142857143
2025-04-15,Networks,10,0.5,3361.3,4.12
2025-04-15,SecurityOps,24,0.375,3128.9583333333335,3.9458333333333333
2025-04-15,ServiceDesk-A,36,0.5,3943.3611111111113,3.922222222222222
2025-04-15,ServiceDesk-B,29,0.41379310344827586,4095.8275862068967,3.7241379310344827
2025-04-16,Apps,20,0.6,3924.45,3.535
2025-04-16,EUCP,13,0.23076923076923078,2998.076923076923,3.746153846153846
2025-04-16,FieldSupport,19,0.5789473684210527,5201.684210526316,3.71578947368421
2025-04-16,MajorIncident,7,0.2857142857142857,3274.4285714285716,4.2
2025-04-16,Networks,16,0.5625,4356.5625,3.59375
2025-04-16,SecurityOps,15,0.4666666666666667,4278.8,3.5266666666666664
2025-04-16,ServiceDesk-A,40,0.475,3809.025,3.6325000000000003
2025-04-16,ServiceDesk-B,20,0.6,3240.2,3.63
2025-04-17,Apps,20,0.45,4555.0,3.8
2025-04-17,EUCP,13,0.6153846153846154,4386.384615384615,3.853846153846154
2025-04-17,FieldSupport,12,0.6666666666666666,4386.75,3.9250000000000003
2025-04-17,MajorIncident,6,0.3333333333333333,3313.8333333333335,3.9500000000000006
2025-04-17,Networks,13,0.46153846153846156,3098.076923076923,3.923076923076923
2025-04-17,SecurityOps,14,0.5714285714285714,3826.714285714286,3.7285714285714286
2025-04-17,ServiceDesk-A,23,0.34782608695652173,2836.0434782608695,3.782608695652174
2025-04-17,ServiceDesk-B,19,0.5263157894736842,4810.421052631579,3.6578947368421053
2025-04-18,Apps,19,0.5263157894736842,3562.842105263158,3.5368421052631582
2025-04-18,EUCP,11,0.18181818181818182,2982.2727272727275,4.181818181818182
2025-04-18,FieldSupport,17,0.6470588235294118,4036.823529411765,3.4705882352941178
2025-04-18,MajorIncident,4,0.25,1880.0,3.0
2025-04-18,Networks,11,0.7272727272727273,6380.181818181818,3.6818181818181817
2025-04-18,SecurityOps,14,0.5714285714285714,3665.285714285714,3.992857142857143
2025-04-18,ServiceDesk-A,33,0.3939393939393939,3466.151515151515,3.7666666666666666
2025-04-18,ServiceDesk-B,29,0.3448275862068966,3553.7586206896553,3.817241379310345
2025-04-19,Apps,12,0.4166666666666667,3953.8333333333335,3.5416666666666665
2025-04-19,EUCP,16,0.4375,3123.125,3.73125
2025-04-19,FieldSupport,21,0.5714285714285714,4426.0952380952385,3.933333333333333
2025-04-19,MajorIncident,6,0.6666666666666666,4421.333333333333,3.4333333333333336
2025-04-19,Networks,17,0.6470588235294118,3972.470588235294,3.676470588235294
2025-04-19,SecurityOps,10,0.6,5731.8,3.85
2025-04-19,ServiceDesk-A,45,0.4222222222222222,3682.2444444444445,3.908888888888889
2025-04-19,ServiceDesk-B,30,0.5333333333333333,5080.733333333334,3.8266666666666667
2025-04-20,Apps,21,0.6190476190476191,4390.142857142857,3.761904761904762
2025-04-20,EUCP,16,0.625,4383.4375,3.9375
2025-04-20,FieldSupport,17,0.5882352941176471,4442.294117647059,3.894117647058824
2025-04-20,MajorIncident,8,0.125,3169.375,4.375
2025-04-20,Networks,11,0.45454545454545453,2907.090909090909,4.009090909090909
2025-04-20,SecurityOps,21,0.5238095238095238,5025.238095238095,3.8857142857142852
2025-04-20,ServiceDesk-A,29,0.3793103448275862,4082.0344827586205,4.006896551724138
2025-04-20,ServiceDesk-B,24,0.375,3878.125,3.8541666666666665
2025-04-21,Apps,23,0.6956521739130435,3628.521739130435,3.4695652173913043
2025-04-21,EUCP,10,0.1,2361.0,4.220000000000001
2025-04-21,FieldSupport,22,0.5,3878.5454545454545,3.8454545454545452
2025-04-21,MajorIncident,9,0.1111111111111111,2930.6666666666665,4.033333333333333
2025-04-21,Networks,13,0.46153846153846156,4323.153846153846,3.6923076923076925
2025-04-21,SecurityOps,22,0.45454545454545453,3579.0,3.790909090909091
2025-04-21,ServiceDesk-A,32,0.34375,3477.53125,3.890625
2025-04-21,ServiceDesk-B,28,0.39285714285714285,3017.964285714286,3.9857142857142853
2025-04-22,Apps,16,0.5,4502.8125,3.8
2025-04-22,EUCP,13,0.6923076923076923,4239.2307692307695,3.4692307692307693
2025-04-22,FieldSupport,21,0.6190476190476191,5102.047619047619,3.9952380952380957
2025-04-22,MajorIncident,5,0.4,2284.8,4.18
2025-04-22,Networks,14,0.42857142857142855,3682.0714285714284,3.914285714285714
2025-04-22,SecurityOps,13,0.5384615384615384,3158.923076923077,3.8615384615384616
2025-04-22,ServiceDesk-A,29,0.3103448275862069,3081.206896551724,4.051724137931035
2025-04-22,ServiceDesk-B,20,0.3,3391.75,3.9799999999999995
2025-04-23,Apps,18,0.3333333333333333,3384.8333333333335,3.9777777777777774
2025-04-23,EUCP,19,0.631578947368421,3342.7368421052633,3.668421052631579
2025-04-23,FieldSupport,25,0.6,4602.08,3.556
2025-04-23,MajorIncident,1,0.0,2414.0,4.2
2025-04-23,Networks,24,0.75,4907.416666666667,3.3874999999999997
2025-04-23,SecurityOps,14,0.6428571428571429,6254.214285714285,3.6357142857142857
2025-04-23,ServiceDesk-A,30,0.4,3673.133333333333,3.753333333333333
2025-04-23,ServiceDesk-B,19,0.3684210526315789,3285.4736842105262,3.9105263157894736
2025-04-24,Apps,20,0.65,5199.9,3.675
2025-04-24,EUCP,14,0.35714285714285715,4461.142857142857,4.107142857142857
2025-04-24,FieldSupport,18,0.6666666666666666,4333.555555555556,3.6333333333333337
2025-04-24,MajorIncident,6,0.5,4008.6666666666665,4.283333333333333
2025-04-24,Networks,5,0.4,4065.0,3.9200000000000004
2025-04-24,SecurityOps,13,0.5384615384615384,3147.3846153846152,3.6076923076923078
2025-04-24,ServiceDesk-A,34,0.38235294117647056,3931.6176470588234,3.5441176470588234
2025-04-24,ServiceDesk-B,24,0.4583333333333333,2334.9583333333335,3.7458333333333336
2025-04-25,Apps,15,0.26666666666666666,2470.5333333333333,3.993333333333333
2025-04-25,EUCP,12,0.4166666666666667,5296.416666666667,3.766666666666667
2025-04-25,FieldSupport,25,0.32,3635.84,3.944
2025-04-25,MajorIncident,12,0.5,4023.3333333333335,3.266666666666667
2025-04-25,Networks,9,0.6666666666666666,5061.888888888889,3.8444444444444446
2025-04-25,SecurityOps,17,0.5882352941176471,3479.764705882353,3.8529411764705883
2025-04-25,ServiceDesk-A,25,0.4,3691.28,3.6839999999999997
2025-04-25,ServiceDesk-B,22,0.5454545454545454,3183.5454545454545,3.622727272727273
2025-04-26,Apps,22,0.5909090909090909,3719.3636363636365,3.7409090909090907
2025-04-26,EUCP,15,0.3333333333333333,3851.6,3.813333333333333
2025-04-26,FieldSupport,14,0.7857142857142857,4201.785714285715,3.807142857142857
2025-04-26,MajorIncident,3,0.6666666666666666,4361.333333333333,3.733333333333333
2025-04-26,Networks,5,0.2,2500.6,4.0
2025-04-26,SecurityOps,17,0.7647058823529411,3863.823529411765,3.523529411764706
2025-04-26,ServiceDesk-A,36,0.3333333333333333,3214.75,3.8583333333333334
2025-04-26,ServiceDesk-B,35,0.4857142857142857,3644.885714285714,3.6342857142857143
2025-04-27,Apps,10,0.6,4968.8,3.8200000000000003
2025-04-27,EUCP,13,0.38461538461538464,4707.461538461538,3.776923076923077
2025-04-27,FieldSupport,19,0.5789473684210527,3087.157894736842,3.5789473684210527
2025-04-27,MajorIncident,6,0.3333333333333333,3032.8333333333335,3.9
2025-04-27,Networks,15,0.4666666666666667,3845.6666666666665,3.913333333333333
2025-04-27,SecurityOps,12,0.75,6287.5,3.4499999999999997
2025-04-27,ServiceDesk-A,39,0.38461538461538464,3334.2051282051284,4.056410256410256
2025-04-27,ServiceDesk-B,26,0.2692307692307692,2332.269230769231,4.146153846153846
2025-04-28,Apps,18,0.5,3897.277777777778,3.827777777777778
2025-04-28,EUCP,15,0.6666666666666666,3948.5333333333333,4.06
2025-04-28,FieldSupport,22,0.7727272727272727,3384.3636363636365,3.313636363636364
2025-04-28,MajorIncident,4,0.5,3023.5,3.725
2025-04-28,Networks,15,0.5333333333333333,4877.933333333333,3.8066666666666666
2025-04-28,SecurityOps,15,0.4666666666666667,4198.133333333333,3.5866666666666664
2025-04-28,ServiceDesk-A,29,0.4482758620689655,3643.310344827586,3.6999999999999997
2025-04-28,ServiceDesk-B,27,0.48148148148148145,4384.481481481482,3.874074074074074
2025-04-29,Apps,20,0.4,3673.95,3.78
2025-04-29,EUCP,10,0.3,3809.0,3.72
2025-04-29,FieldSupport,21,0.5714285714285714,2941.809523809524,3.8333333333333335
2025-04-29,MajorIncident,5,0.4,3779.2,4.220000000000001
2025-04-29,Networks,8,0.5,4427.375,3.95
2025-04-29,SecurityOps,12,0.6666666666666666,4909.333333333333,3.75
2025-04-29,ServiceDesk-A,28,0.39285714285714285,3272.6428571428573,3.957142857142857
2025-04-29,ServiceDesk-B,21,0.5238095238095238,3602.190476190476,3.7904761904761903
2025-04-30,Apps,14,0.42857142857142855,3175.714285714286,3.835714285714286
2025-04-30,EUCP,16,0.4375,3794.0625,3.7624999999999997
2025-04-30,FieldSupport,24,0.625,4692.875,3.545833333333333
2025-04-30,MajorIncident,2,0.0,3259.5,4.25
2025-04-30,Networks,12,0.9166666666666666,3893.0,3.6666666666666665
2025-04-30,SecurityOps,13,0.5384615384615384,4040.6923076923076,3.623076923076923
2025-04-30,ServiceDesk-A,32,0.3125,3171.0,3.896875
2025-04-30,ServiceDesk-B,21,0.6666666666666666,5232.523809523809,3.7857142857142856
2025-05-01,Apps,17,0.29411764705882354,2962.705882352941,4.205882352941177
2025-05-01,EUCP,8,0.125,3428.75,4.15
2025-05-01,FieldSupport,25,0.68,6216.12,3.5039999999999996
2025-05-01,MajorIncident,6,0.3333333333333333,3572.8333333333335,4.0
2025-05-01,Networks,9,0.4444444444444444,4318.333333333333,4.122222222222223
2025-05-01,SecurityOps,16,0.6875,3488.8125,3.275
2025-05-01,ServiceDesk-A,33,0.42424242424242425,3429.6060606060605,3.9060606060606062
2025-05-01,ServiceDesk-B,21,0.38095238095238093,4302.333333333333,4.090476190476191
2025-05-02,Apps,13,0.38461538461538464,3964.6153846153848,4.161538461538462
2025-05-02,EUCP,13,0.15384615384615385,3724.153846153846,4.015384615384615
2025-05-02,FieldSupport,23,0.6521739130434783,4887.478260869565,3.743478260869565
2025-05-02,MajorIncident,8,0.5,3813.5,3.9
2025-05-02,Networks,14,0.7142857142857143,3711.714285714286,3.807142857142857
2025-05-02,SecurityOps,18,0.6666666666666666,3490.9444444444443,3.572222222222222
2025-05-02,ServiceDesk-A,30,0.36666666666666664,3183.633333333333,3.67
2025-05-02,ServiceDesk-B,33,0.3939393939393939,3553.757575757576,3.9303030303030297
2025-05-03,Apps,12,0.6666666666666666,4642.583333333333,3.408333333333333
2025-05-03,EUCP,12,0.5,4215.333333333333,3.8666666666666667
2025-05-03,FieldSupport,14,0.6428571428571429,5497.285714285715,3.7857142857142856
2025-05-03,MajorIncident,4,0.0,2468.25,3.375
2025-05-03,Networks,16,0.375,3942.1875,3.84375
2025-05-03,SecurityOps,12,0.5,3879.9166666666665,3.6916666666666664
2025-05-03,ServiceDesk-A,24,0.2916666666666667,3455.6666666666665,4.020833333333333
2025-05-03,ServiceDesk-B,21,0.5714285714285714,3558.190476190476,3.8238095238095235
2025-05-04,Apps,16,0.3125,2501.1875,4.0375
2025-05-04,EUCP,12,0.5,4111.083333333333,3.858333333333333
2025-05-04,FieldSupport,28,0.5357142857142857,3632.285714285714,3.6535714285714285
2025-05-04,MajorIncident,9,0.3333333333333333,3967.8888888888887,3.5888888888888886
2025-05-04,Networks,10,0.4,3111.4,3.5700000000000003
2025-05-04,SecurityOps,12,0.5,6762.166666666667,3.466666666666667
2025-05-04,ServiceDesk-A,25,0.36,3851.0,3.556
2025-05-04,ServiceDesk-B,28,0.39285714285714285,3914.535714285714,3.8892857142857147
2025-05-05,Apps,21,0.3333333333333333,3440.714285714286,4.0
2025-05-05,EUCP,20,0.4,3431.8,3.8899999999999997
2025-05-05,FieldSupport,25,0.68,4109.24,3.616
2025-05-05,MajorIncident,8,0.375,2569.375,4.1
2025-05-05,Networks,12,0.3333333333333333,3464.9166666666665,3.6
2025-05-05,SecurityOps,13,0.5384615384615384,3966.5384615384614,3.5999999999999996
2025-05-05,ServiceDesk-A,31,0.5483870967741935,3481.935483870968,3.8129032258064517
2025-05-05,ServiceDesk-B,29,0.2413793103448276,3245.3793103448274,3.9896551724137934
2025-05-06,Apps,14,0.5714285714285714,3383.5,3.8000000000000003
2025-05-06,EUCP,11,0.2727272727272727,2159.818181818182,4.118181818181818
2025-05-06,FieldSupport,19,0.42105263157894735,3588.0,3.7473684210526317
2025-05-06,MajorIncident,12,0.5,3635.6666666666665,3.8000000000000003
2025-05-06,Networks,13,0.6153846153846154,4336.307692307692,3.630769230769231
2025-05-06,SecurityOps,16,0.5,4026.25,3.88125
2025-05-06,ServiceDesk-A,33,0.2727272727272727,2653.030303030303,4.212121212121212
2025-05-06,ServiceDesk-B,26,0.4230769230769231,3642.076923076923,3.9538461538461536
2025-05-07,Apps,25,0.4,3037.16,4.0360000000000005
2025-05-07,EUCP,17,0.4117647058823529,3040.3529411764707,4.023529411764706
2025-05-07,FieldSupport,18,0.5,3839.222222222222,3.711111111111111
2025-05-07,MajorIncident,7,0.42857142857142855,5352.571428571428,3.6571428571428575
2025-05-07,Networks,11,0.5454545454545454,3077.5454545454545,3.8181818181818183
2025-05-07,SecurityOps,14,0.7142857142857143,4563.571428571428,3.7285714285714286
2025-05-07,ServiceDesk-A,35,0.37142857142857144,3599.714285714286,3.9971428571428573
2025-05-07,ServiceDesk-B,20,0.4,3933.55,3.925
2025-05-08,Apps,14,0.5714285714285714,4216.214285714285,3.814285714285714
2025-05-08,EUCP,19,0.47368421052631576,2597.1052631578946,3.8631578947368426
2025-05-08,FieldSupport,19,0.7368421052631579,5645.0,3.7526315789473683
2025-05-08,MajorIncident,8,0.375,2420.375,4.1875
2025-05-08,Networks,8,0.625,5438.875,3.5625
2025-05-08,SecurityOps,15,0.7333333333333333,4127.333333333333,3.6866666666666665
2025-05-08,ServiceDesk-A,29,0.3793103448275862,3760.7241379310344,3.8689655172413793
2025-05-08,ServiceDesk-B,21,0.19047619047619047,2798.1428571428573,4.114285714285715
2025-05-09,Apps,17,0.47058823529411764,4717.35294117647,3.6941176470588233
2025-05-09,EUCP,13,0.5384615384615384,3659.230769230769,3.9153846153846152
2025-05-09,FieldSupport,25,0.68,4239.88,3.8160000000000003
2025-05-09,MajorIncident,10,0.1,3570.8,4.42
2025-05-09,Networks,14,0.7857142857142857,5300.5,3.457142857142857
2025-05-09,SecurityOps,19,0.631578947368421,5404.263157894737,3.573684210526316
2025-05-09,ServiceDesk-A,30,0.5,3846.8333333333335,3.76
2025-05-09,ServiceDesk-B,25,0.48,4261.48,3.7
2025-05-10,Apps,15,0.8,5157.0,3.493333333333333
2025-05-10,EUCP,11,0.18181818181818182,3219.909090909091,3.936363636363636
2025-05-10,FieldSupport,13,0.6153846153846154,3346.3846153846152,3.5307692307692307
2025-05-10,MajorIncident,8,0.625,4611.375,3.35
2025-05-10,Networks,15,0.4,4539.733333333334,3.8266666666666667
2025-05-10,SecurityOps,11,0.5454545454545454,6508.363636363636,3.463636363636364
2025-05-10,ServiceDesk-A,34,0.4411764705882353,3421.323529411765,3.8529411764705883
2025-05-10,ServiceDesk-B,32,0.46875,3916.8125,3.896875
2025-05-11,Apps,21,0.47619047619047616,4531.428571428572,3.9428571428571426
2025-05-11,EUCP,11,0.45454545454545453,4631.272727272727,3.8363636363636364
2025-05-11,FieldSupport,20,0.55,4373.9,3.65
2025-05-11,MajorIncident,7,0.14285714285714285,4084.714285714286,3.9
2025-05-11,Networks,9,0.5555555555555556,4635.555555555556,3.611111111111111
2025-05-11,SecurityOps,11,0.7272727272727273,5448.181818181818,3.5818181818181816
2025-05-11,ServiceDesk-A,17,0.35294117647058826,3712.294117647059,4.070588235294117
2025-05-11,ServiceDesk-B,27,0.4444444444444444,3379.814814814815,4.059259259259259
2025-05-12,Apps,19,0.5263157894736842,3361.8947368421054,3.6
2025-05-12,EUCP,12,0.4166666666666667,5185.333333333333,3.908333333333333
2025-05-12,FieldSupport,30,0.6666666666666666,4405.133333333333,3.5166666666666666
2025-05-12,MajorIncident,7,0.42857142857142855,4137.714285714285,4.042857142857143
2025-05-12,Networks,8,0.75,2333.0,3.2625
2025-05-12,SecurityOps,8,0.25,2657.875,4.2875
2025-05-12,ServiceDesk-A,29,0.3793103448275862,3318.655172413793,3.9551724137931035
2025-05-12,ServiceDesk-B,21,0.42857142857142855,4116.571428571428,3.7142857142857144
2025-05-13,Apps,18,0.6111111111111112,4248.833333333333,3.861111111111111
2025-05-13,EUCP,11,0.45454545454545453,2900.2727272727275,3.772727272727273
2025-05-13,FieldSupport,13,0.7692307692307693,4868.153846153846,3.0846153846153848
2025-05-13,MajorIncident,7,0.42857142857142855,2886.5714285714284,3.585714285714286
2025-05-13,Networks,15,0.6666666666666666,4108.933333333333,3.5533333333333332
2025-05-13,SecurityOps,14,0.5714285714285714,4238.857142857143,3.8214285714285716
2025-05-13,ServiceDesk-A,33,0.30303030303030304,2791.3939393939395,3.993939393939394
2025-05-13,ServiceDesk-B,25,0.36,3178.4,3.616
2025-05-14,Apps,17,0.4117647058823529,2560.9411764705883,3.7941176470588234
2025-05-14,EUCP,9,0.3333333333333333,3720.1111111111113,4.033333333333334
2025-05-14,FieldSupport,23,0.391304347826087,4194.608695652174,3.9434782608695653
2025-05-14,MajorIncident,2,0.0,1288.0,4.550000000000001
2025-05-14,Networks,15,0.5333333333333333,3855.5333333333333,4.126666666666667
2025-05-14,SecurityOps,13,0.8461538461538461,4410.692307692308,3.430769230769231
2025-05-14,ServiceDesk-A,27,0.37037037037037035,3646.1481481481483,4.051851851851852
2025-05-14,ServiceDesk-B,25,0.44,4014.52,3.88
2025-05-15,Apps,15,0.5333333333333333,4913.2,3.8866666666666663
2025-05-15,EUCP,17,0.47058823529411764,3208.235294117647,3.6176470588235294
2025-05-15,FieldSupport,18,0.5555555555555556,3698.222222222222,3.566666666666667
2025-05-15,MajorIncident,9,0.4444444444444444,3901.777777777778,3.888888888888889
2025-05-15,Networks,12,0.5,4005.5833333333335,3.5583333333333336
2025-05-15,SecurityOps,16,0.6875,5860.1875,3.4875000000000003
2025-05-15,ServiceDesk-A,30,0.4,3108.1,3.7866666666666666
2025-05-15,ServiceDesk-B,21,0.5238095238095238,3553.904761904762,3.7
2025-05-16,Apps,13,0.6923076923076923,5687.692307692308,3.661538461538462
2025-05-16,EUCP,9,0.6666666666666666,3070.8888888888887,3.6333333333333337
2025-05-16,FieldSupport,14,0.5714285714285714,4812.642857142857,3.5500000000000003
2025-05-16,MajorIncident,3,0.3333333333333333,2320.0,3.6666666666666665
2025-05-16,Networks,13,0.3076923076923077,3440.6153846153848,4.115384615384615
2025-05-16,SecurityOps,8,0.5,3003.875,3.55
2025-05-16,ServiceDesk-A,34,0.20588235294117646,3750.264705882353,3.9470588235294115
2025-05-16,ServiceDesk-B,11,0.2727272727272727,3992.818181818182,3.6090909090909093
2025-05-17,Apps,18,0.4444444444444444,3498.9444444444443,3.8499999999999996
2025-05-17,EUCP,9,0.4444444444444444,2026.888888888889,4.044444444444444
2025-05-17,FieldSupport,15,0.5333333333333333,4656.733333333334,3.8866666666666663
2025-05-17,MajorIncident,3,0.3333333333333333,2091.3333333333335,3.9
2025-05-17,Networks,15,0.4666666666666667,4141.733333333334,3.7266666666666666
2025-05-17,SecurityOps,15,0.6666666666666666,4187.8,3.433333333333333
2025-05-17,ServiceDesk-A,29,0.3793103448275862,2946.103448275862,3.893103448275862
2025-05-17,ServiceDesk-B,31,0.4838709677419355,3291.1290322580644,3.8741935483870966
2025-05-18,Apps,18,0.6666666666666666,3897.6666666666665,3.7222222222222223
2025-05-18,EUCP,10,0.2,2077.3,4.2
2025-05-18,FieldSupport,17,0.8235294117647058,5985.64705882353,3.3823529411764706
2025-05-18,MajorIncident,5,0.8,4760.2,3.9799999999999995
2025-05-18,Networks,9,0.5555555555555556,4913.888888888889,3.988888888888889
2025-05-18,SecurityOps,17,0.7647058823529411,6043.176470588235,3.5647058823529414
2025-05-18,ServiceDesk-A,31,0.41935483870967744,3394.8064516129034,4.009677419354839
2025-05-18,ServiceDesk-B,33,0.2727272727272727,2850.5151515151515,3.8424242424242423
2025-05-19,Apps,20,0.65,3849.9,3.575
2025-05-19,EUCP,8,0.25,3400.625,4.2
2025-05-19,FieldSupport,14,0.5,3092.3571428571427,3.6285714285714286
2025-05-19,MajorIncident,3,0.3333333333333333,2215.6666666666665,4.166666666666667
2025-05-19,Networks,18,0.5555555555555556,3653.1666666666665,3.711111111111111
2025-05-19,SecurityOps,9,0.7777777777777778,4266.111111111111,3.533333333333333
2025-05-19,ServiceDesk-A,36,0.3888888888888889,3597.8333333333335,3.9027777777777777
2025-05-19,ServiceDesk-B,23,0.5217391304347826,3482.1739130434785,3.617391304347826
2025-05-20,Apps,20,0.6,3994.3,3.325
2025-05-20,EUCP,18,0.2777777777777778,3547.277777777778,3.961111111111111
2025-05-20,FieldSupport,14,0.7857142857142857,4255.0,3.5214285714285714
2025-05-20,MajorIncident,4,0.5,2194.0,3.95
2025-05-20,Networks,14,0.7142857142857143,4455.214285714285,3.664285714285714
2025-05-20,SecurityOps,15,0.6666666666666666,3454.866666666667,3.3266666666666667
2025-05-20,ServiceDesk-A,43,0.3953488372093023,3560.0232558139537,4.03953488372093
2025-05-20,ServiceDesk-B,21,0.3333333333333333,3201.4761904761904,3.8190476190476192
2025-05-21,Apps,13,0.46153846153846156,3001.153846153846,3.769230769230769
2025-05-21,EUCP,10,0.5,3233.7,3.7600000000000002
2025-05-21,FieldSupport,20,0.8,5198.1,3.29
2025-05-21,MajorIncident,3,0.3333333333333333,3258.6666666666665,3.6666666666666665
2025-05-21,Networks,20,0.4,3452.45,3.56
2025-05-21,SecurityOps,12,0.75,5435.166666666667,3.4166666666666665
2025-05-21,ServiceDesk-A,27,0.37037037037037035,3652.777777777778,4.0
2025-05-21,ServiceDesk-B,32,0.34375,3051.03125,4.0
2025-05-22,Apps,14,0.5,3262.714285714286,3.942857142857143
2025-05-22,EUCP,6,0.8333333333333334,4197.666666666667,3.75
2025-05-22,FieldSupport,19,0.47368421052631576,3597.157894736842,3.7526315789473683
2025-05-22,MajorIncident,4,0.25,3578.75,4.4
2025-05-22,Networks,14,0.2857142857142857,3377.1428571428573,3.8785714285714286
2025-05-22,SecurityOps,14,0.42857142857142855,4826.571428571428,3.7642857142857147
2025-05-22,ServiceDesk-A,28,0.2857142857142857,3322.3214285714284,3.882142857142857
2025-05-22,ServiceDesk-B,22,0.5454545454545454,3610.681818181818,3.65
2025-05-23,Apps,20,0.55,4093.65,3.875
2025-05-23,EUCP,15,0.6,3518.4,3.7066666666666666
2025-05-23,FieldSupport,27,0.5925925925925926,4001.5555555555557,3.855555555555555
2025-05-23,MajorIncident,7,0.2857142857142857,4431.285714285715,4.285714285714286
2025-05-23,Networks,14,0.7142857142857143,4862.071428571428,3.4714285714285715
2025-05-23,SecurityOps,15,0.7333333333333333,4961.466666666666,3.7133333333333334
2025-05-23,ServiceDesk-A,38,0.5,3233.842105263158,3.710526315789474
2025-05-23,ServiceDesk-B,19,0.3684210526315789,3513.3684210526317,4.126315789473684
2025-05-24,Apps,22,0.4090909090909091,3354.1363636363635,3.6954545454545453
2025-05-24,EUCP,12,0.5,4623.75,3.7083333333333335
2025-05-24,FieldSupport,26,0.6923076923076923,4730.2692307692305,3.5961538461538463
2025-05-24,MajorIncident,8,0.125,2303.0,3.75
2025-05-24,Networks,10,0.7,4815.6,3.3200000000000003
2025-05-24,SecurityOps,19,0.3684210526315789,4130.684210526316,3.8947368421052633
2025-05-24,ServiceDesk-A,38,0.3157894736842105,3435.2894736842104,3.8421052631578947
2025-05-24,ServiceDesk-B,42,0.47619047619047616,3539.285714285714,3.9380952380952383
2025-05-25,Apps,19,0.47368421052631576,4737.1578947368425,3.7789473684210524
2025-05-25,EUCP,10,0.3,3587.1,3.9899999999999998
2025-05-25,FieldSupport,19,0.7368421052631579,4916.105263157895,3.5368421052631582
2025-05-25,MajorIncident,9,0.2222222222222222,3566.0,3.8444444444444446
2025-05-25,Networks,17,0.5882352941176471,3276.176470588235,3.7058823529411766
2025-05-25,SecurityOps,16,0.6875,4367.875,3.3937500000000003
2025-05-25,ServiceDesk-A,20,0.35,3829.8,3.825
2025-05-25,ServiceDesk-B,20,0.6,3732.3,3.575
2025-05-26,Apps,25,0.52,4376.36,3.608
2025-05-26,EUCP,15,0.3333333333333333,3054.3333333333335,3.94
2025-05-26,FieldSupport,24,0.6666666666666666,4556.0,3.8041666666666667
2025-05-26,MajorIncident,8,0.25,3146.375,3.9375
2025-05-26,Networks,15,0.5333333333333333,3905.266666666667,3.506666666666667
2025-05-26,SecurityOps,19,0.6842105263157895,4207.263157894737,3.621052631578947
2025-05-26,ServiceDesk-A,24,0.4583333333333333,3236.7916666666665,3.5666666666666664
2025-05-26,ServiceDesk-B,28,0.25,2717.214285714286,3.857142857142857
2025-05-27,Apps,20,0.35,3762.1,3.875
2025-05-27,EUCP,8,0.375,4498.5,3.8875
2025-05-27,FieldSupport,17,0.7058823529411765,5566.941176470588,3.611764705882353
2025-05-27,MajorIncident,5,0.0,2596.4,3.5
2025-05-27,Networks,8,0.5,3889.875,3.475
2025-05-27,SecurityOps,21,0.42857142857142855,3060.5714285714284,4.238095238095238
2025-05-27,ServiceDesk-A,37,0.35135135135135137,3229.972972972973,3.8621621621621625
2025-05-27,ServiceDesk-B,21,0.3333333333333333,3138.4285714285716,4.0285714285714285
2025-05-28,Apps,12,0.8333333333333334,5983.166666666667,3.3083333333333336
2025-05-28,EUCP,9,0.2222222222222222,2517.8888888888887,4.066666666666666
2025-05-28,FieldSupport,18,0.7222222222222222,5586.111111111111,3.888888888888889
2025-05-28,MajorIncident,6,0.16666666666666666,3742.6666666666665,3.6999999999999997
2025-05-28,Networks,14,0.5714285714285714,3891.9285714285716,3.6785714285714284
2025-05-28,SecurityOps,12,0.6666666666666666,3927.3333333333335,3.516666666666667
2025-05-28,ServiceDesk-A,40,0.275,3530.175,3.97
2025-05-28,ServiceDesk-B,23,0.2608695652173913,2663.5652173913045,3.9826086956521736
2025-05-29,Apps,25,0.48,4055.84,3.7239999999999998
2025-05-29,EUCP,15,0.2,3275.0666666666666,4.073333333333333
2025-05-29,FieldSupport,19,0.42105263157894735,3637.0526315789475,3.8421052631578947
2025-05-29,MajorIncident,7,0.5714285714285714,5145.0,3.557142857142857
2025-05-29,Networks,7,0.7142857142857143,4188.0,3.542857142857143
2025-05-29,SecurityOps,15,0.6666666666666666,4026.266666666667,3.466666666666667
2025-05-29,ServiceDesk-A,27,0.25925925925925924,3202.6666666666665,4.074074074074074
2025-05-29,ServiceDesk-B,25,0.32,2999.72,3.952
2025-05-30,Apps,20,0.75,4223.95,3.3649999999999998
2025-05-30,EUCP,9,0.4444444444444444,2688.222222222222,3.4222222222222225
2025-05-30,FieldSupport,37,0.6216216216216216,4600.189189189189,3.8513513513513513
2025-05-30,MajorIncident,2,0.0,2392.5,4.6
2025-05-30,Networks,12,0.8333333333333334,4676.916666666667,2.9583333333333335
2025-05-30,SecurityOps,13,0.6923076923076923,4255.846153846154,3.623076923076923
2025-05-30,ServiceDesk-A,29,0.3103448275862069,2894.2758620689656,3.9586206896551723
2025-05-30,ServiceDesk-B,23,0.43478260869565216,3722.217391304348,4.021739130434782
2025-05-31,Apps,19,0.47368421052631576,3556.4736842105262,3.6052631578947367
2025-05-31,EUCP,12,0.4166666666666667,3766.6666666666665,3.6750000000000003
2025-05-31,FieldSupport,22,0.5909090909090909,4432.454545454545,3.7
2025-05-31,MajorIncident,4,0.0,1564.0,4.325
2025-05-31,Networks,13,0.6923076923076923,4295.692307692308,3.661538461538462
2025-05-31,SecurityOps,9,0.6666666666666666,4649.444444444444,3.433333333333333
2025-05-31,ServiceDesk-A,41,0.2926829268292683,3318.609756097561,3.919512195121951
2025-05-31,ServiceDesk-B,21,0.5714285714285714,3721.285714285714,3.7142857142857144
2025-06-01,Apps,15,0.4666666666666667,3600.133333333333,3.8266666666666667
2025-06-01,EUCP,12,0.5833333333333334,4368.166666666667,3.9583333333333335
2025-06-01,FieldSupport,26,0.5384615384615384,3894.1153846153848,3.3653846153846154
2025-06-01,MajorIncident,4,0.5,4098.25,4.0
2025-06-01,Networks,17,0.5294117647058824,4429.294117647059,3.6411764705882352
2025-06-01,SecurityOps,15,0.7333333333333333,4576.533333333334,3.713333333333333
2025-06-01,ServiceDesk-A,36,0.25,3314.8611111111113,3.936111111111111
2025-06-01,ServiceDesk-B,26,0.4230769230769231,3328.3846153846152,3.5653846153846156
2025-06-02,Apps,10,0.6,3594.9,3.8299999999999996
2025-06-02,EUCP,13,0.38461538461538464,4190.846153846154,3.923076923076923
2025-06-02,FieldSupport,14,0.6428571428571429,6299.642857142857,3.8428571428571425
2025-06-02,MajorIncident,4,0.25,3470.25,3.95
2025-06-02,Networks,15,0.6666666666666666,3769.2,3.44
2025-06-02,SecurityOps,13,0.6153846153846154,3139.3076923076924,3.3230769230769233
2025-06-02,ServiceDesk-A,34,0.29411764705882354,3624.176470588235,3.9411764705882355
2025-06-02,ServiceDesk-B,23,0.4782608695652174,3503.7391304347825,3.8782608695652177
2025-06-03,Apps,20,0.55,4559.65,3.6399999999999997
2025-06-03,EUCP,11,0.6363636363636364,4331.636363636364,3.590909090909091
2025-06-03,FieldSupport,14,0.6428571428571429,4168.428571428572,3.5214285714285714
2025-06-03,MajorIncident,4,0.75,2900.25,3.575
2025-06-03,Networks,10,0.6,3669.5,4.05
2025-06-03,SecurityOps,12,0.75,4786.583333333333,3.3833333333333333
2025-06-03,ServiceDesk-A,34,0.47058823529411764,4004.4117647058824,3.8882352941176466
2025-06-03,ServiceDesk-B,22,0.3181818181818182,3468.7727272727275,3.940909090909091
2025-06-04,Apps,13,0.46153846153846156,3236.846153846154,3.784615384615385
2025-06-04,EUCP,11,0.18181818181818182,2074.909090909091,4.045454545454546
2025-06-04,FieldSupport,22,0.6818181818181818,4931.5,3.5954545454545452
2025-06-04,MajorIncident,4,0.25,2116.0,3.875
2025-06-04,Networks,16,0.5625,2596.3125,3.76875
2025-06-04,SecurityOps,5,0.4,5068.8,3.78
2025-06-04,ServiceDesk-A,36,0.4166666666666667,3181.222222222222,3.8333333333333335
2025-06-04,ServiceDesk-B,19,0.3684210526315789,3350.3684210526317,3.8526315789473684
2025-06-05,Apps,19,0.3157894736842105,3435.5789473684213,3.973684210526316
2025-06-05,EUCP,11,0.45454545454545453,3473.2727272727275,3.963636363636364
2025-06-05,FieldSupport,23,0.6086956521739131,4950.086956521739,3.5478260869565217
2025-06-05,MajorIncident,6,0.16666666666666666,2890.3333333333335,4.2
2025-06-05,Networks,11,0.6363636363636364,3717.090909090909,3.4272727272727277
2025-06-05,SecurityOps,13,0.5384615384615384,5165.692307692308,3.8153846153846156
2025-06-05,ServiceDesk-A,31,0.3870967741935484,3992.3548387096776,3.948387096774194
2025-06-05,ServiceDesk-B,23,0.5217391304347826,3999.9565217391305,3.5565217391304347
2025-06-06,Apps,15,0.4,3626.4666666666667,3.6533333333333333
2025-06-06,EUCP,7,0.2857142857142857,2533.714285714286,4.142857142857143
2025-06-06,FieldSupport,21,0.6666666666666666,4056.3333333333335,3.7
2025-06-06,MajorIncident,4,0.25,3623.25,4.675
2025-06-06,Networks,7,0.5714285714285714,2606.714285714286,4.085714285714286
2025-06-06,SecurityOps,12,0.4166666666666667,2873.8333333333335,4.033333333333333
2025-06-06,ServiceDesk-A,33,0.5454545454545454,2999.090909090909,3.6484848484848484
2025-06-06,ServiceDesk-B,19,0.5263157894736842,3663.2105263157896,3.926315789473684
2025-06-07,Apps,15,0.4666666666666667,4050.5333333333333,3.5266666666666664
2025-06-07,EUCP,15,0.5333333333333333,4462.133333333333,3.6533333333333333
2025-06-07,FieldSupport,19,0.7894736842105263,4596.0526315789475,3.5
2025-06-07,MajorIncident,4,0.25,3587.5,3.85
2025-06-07,Networks,18,0.2222222222222222,3422.8888888888887,4.094444444444445
2025-06-07,SecurityOps,17,0.5882352941176471,3340.3529411764707,3.7588235294117647
2025-06-07,ServiceDesk-A,28,0.32142857142857145,3249.0,3.692857142857143
2025-06-07,ServiceDesk-B,21,0.38095238095238093,3726.5714285714284,3.6333333333333333
2025-06-08,Apps,16,0.375,3676.375,3.83125
2025-06-08,EUCP,16,0.375,3499.25,3.8312500000000003
2025-06-08,FieldSupport,20,0.55,3455.5,3.47
2025-06-08,MajorIncident,6,0.3333333333333333,2887.6666666666665,4.333333333333333
2025-06-08,Networks,15,0.4,3236.0,3.8800000000000003
2025-06-08,SecurityOps,15,0.6666666666666666,4547.666666666667,3.8
2025-06-08,ServiceDesk-A,29,0.3793103448275862,2698.9310344827586,4.0344827586206895
2025-06-08,ServiceDesk-B,28,0.5357142857142857,4205.535714285715,3.75
2025-06-09,Apps,21,0.5238095238095238,3304.8571428571427,3.5904761904761906
2025-06-09,EUCP,11,0.36363636363636365,3394.090909090909,4.181818181818182
2025-06-09,FieldSupport,19,0.7368421052631579,3775.5263157894738,3.378947368421053
2025-06-09,MajorIncident,6,0.3333333333333333,2039.3333333333333,3.9166666666666665
2025-06-09,Networks,14,0.7142857142857143,5010.928571428572,3.7142857142857144
2025-06-09,SecurityOps,20,0.7,4966.6,3.4899999999999998
2025-06-09,ServiceDesk-A,21,0.42857142857142855,3781.4761904761904,3.7142857142857144
2025-06-09,ServiceDesk-B,22,0.4090909090909091,3308.5454545454545,4.036363636363636
2025-06-10,Apps,12,0.5833333333333334,3939.0,3.275
2025-06-10,EUCP,12,0.75,4324.75,3.016666666666666
2025-06-10,FieldSupport,25,0.44,4182.88,3.656
2025-06-10,MajorIncident,3,0.3333333333333333,4385.666666666667,4.266666666666667
2025-06-10,Networks,16,0.5,4566.625,4.1125
2025-06-10,SecurityOps,15,0.4666666666666667,4847.4,3.6866666666666665
2025-06-10,ServiceDesk-A,20,0.4,3405.7,3.995
2025-06-10,ServiceDesk-B,30,0.5333333333333333,3799.0333333333333,3.7666666666666666
2025-06-11,Apps,10,0.5,6355.0,3.44
2025-06-11,EUCP,13,0.38461538461538464,3008.6153846153848,3.5076923076923077
2025-06-11,FieldSupport,16,0.4375,3455.5625,3.86875
2025-06-11,MajorIncident,10,0.4,3999.7,3.5799999999999996
2025-06-11,Networks,16,0.625,4405.8125,3.825
2025-06-11,SecurityOps,16,0.8125,4241.5,3.4
2025-06-11,ServiceDesk-A,38,0.42105263157894735,4323.1578947368425,3.9421052631578952
2025-06-11,ServiceDesk-B,22,0.45454545454545453,4083.6363636363635,3.6136363636363638
2025-06-12,Apps,13,0.7692307692307693,4431.615384615385,3.784615384615385
2025-06-12,EUCP,10,0.7,5276.5,3.81
2025-06-12,FieldSupport,17,0.5882352941176471,5277.235294117647,3.5588235294117645
2025-06-12,MajorIncident,4,0.5,4466.25,3.9000000000000004
2025-06-12,Networks,16,0.5,3385.0625,3.975
2025-06-12,SecurityOps,9,0.6666666666666666,3636.0,3.8666666666666663
2025-06-12,ServiceDesk-A,27,0.2962962962962963,3574.8518518518517,4.155555555555556
2025-06-12,ServiceDesk-B,25,0.44,3447.08,4.016
2025-06-13,Apps,20,0.4,3691.35,3.88
2025-06-13,EUCP,14,0.7142857142857143,3752.285714285714,3.807142857142857
2025-06-13,FieldSupport,16,0.6875,4918.3125,3.6875
2025-06-13,MajorIncident,8,0.5,2484.5,3.4
2025-06-13,Networks,13,0.5384615384615384,3551.230769230769,3.5076923076923077
2025-06-13,SecurityOps,19,0.6842105263157895,4722.894736842105,3.8157894736842106
2025-06-13,ServiceDesk-A,30,0.2,3195.366666666667,4.489999999999999
2025-06-13,ServiceDesk-B,25,0.6,3904.48,3.636
2025-06-14,Apps,15,0.3333333333333333,3116.733333333333,3.9733333333333336
2025-06-14,EUCP,10,0.3,2463.3,3.9200000000000004
2025-06-14,FieldSupport,16,0.875,5750.125,3.46875
2025-06-14,MajorIncident,1,1.0,6693.0,3.7
2025-06-14,Networks,16,0.625,4060.5,3.51875
2025-06-14,SecurityOps,14,0.7142857142857143,5127.714285714285,3.6142857142857143
2025-06-14,ServiceDesk-A,33,0.36363636363636365,3133.212121212121,3.827272727272727
2025-06-14,ServiceDesk-B,22,0.4090909090909091,3738.4545454545455,3.8
2025-06-15,Apps,21,0.5238095238095238,3867.3809523809523,3.6285714285714286
2025-06-15,EUCP,12,0.16666666666666666,2057.75,3.9166666666666665
2025-06-15,FieldSupport,18,0.5,3066.6111111111113,4.033333333333333
2025-06-15,MajorIncident,8,0.25,3010.375,4.0875
2025-06-15,Networks,12,0.8333333333333334,6170.583333333333,3.6
2025-06-15,SecurityOps,9,0.5555555555555556,2741.8888888888887,3.7666666666666666
2025-06-15,ServiceDesk-A,26,0.5,2988.0,3.7115384615384617
2025-06-15,ServiceDesk-B,23,0.4782608695652174,3914.391304347826,4.1
2025-06-16,Apps,16,0.3125,4073.5,3.975
2025-06-16,EUCP,16,0.5625,4489.0625,3.61875
2025-06-16,FieldSupport,23,0.782608695652174,4722.173913043478,3.2913043478260873
2025-06-16,MajorIncident,7,0.5714285714285714,4680.714285714285,3.6999999999999997
2025-06-16,Networks,8,0.5,4261.375,4.0125
2025-06-16,SecurityOps,12,0.75,3906.0,3.2916666666666665
2025-06-16,ServiceDesk-A,40,0.45,3470.375,3.7649999999999997
2025-06-16,ServiceDesk-B,29,0.41379310344827586,2843.137931034483,3.820689655172414
2025-06-17,Apps,14,0.5,4506.428571428572,3.742857142857143
2025-06-17,EUCP,13,0.6923076923076923,4206.846153846154,3.4384615384615387
2025-06-17,FieldSupport,23,0.6086956521739131,4051.608695652174,3.7043478260869565
2025-06-17,MajorIncident,8,0.375,3835.375,3.5
2025-06-17,Networks,17,0.5882352941176471,3857.705882352941,3.605882352941176
2025-06-17,SecurityOps,16,0.6875,4331.0625,3.5875
2025-06-17,ServiceDesk-A,40,0.35,3395.25,3.97
2025-06-17,ServiceDesk-B,29,0.3103448275862069,3610.2758620689656,4.013793103448276
2025-06-18,Apps,17,0.5294117647058824,3837.4117647058824,3.764705882352941
2025-06-18,EUCP,19,0.3157894736842105,3342.157894736842,3.7578947368421054
2025-06-18,FieldSupport,15,0.5333333333333333,3781.866666666667,3.5866666666666664
2025-06-18,MajorIncident,8,0.375,3683.375,3.8125
2025-06-18,Networks,9,0.4444444444444444,3488.3333333333335,3.9000000000000004
2025-06-18,SecurityOps,17,0.6470588235294118,5310.882352941177,3.6941176470588233
2025-06-18,ServiceDesk-A,23,0.5217391304347826,2700.8695652173915,3.7652173913043474
2025-06-18,ServiceDesk-B,26,0.3076923076923077,2906.6923076923076,3.9384615384615387
2025-06-19,Apps,12,0.5833333333333334,5878.333333333333,3.7083333333333335
2025-06-19,EUCP,12,0.5833333333333334,5120.916666666667,3.65
2025-06-19,FieldSupport,19,0.5263157894736842,4043.5789473684213,3.6789473684210527
2025-06-19,MajorIncident,5,0.2,2890.2,4.44
2025-06-19,Networks,13,0.6153846153846154,3568.076923076923,3.5999999999999996
2025-06-19,SecurityOps,16,0.625,4949.6875,3.44375
2025-06-19,ServiceDesk-A,34,0.35294117647058826,3219.176470588235,3.9382352941176473
2025-06-19,ServiceDesk-B,22,0.4090909090909091,4056.409090909091,3.909090909090909
2025-06-20,Apps,13,0.23076923076923078,3704.3846153846152,4.184615384615385
2025-06-20,EUCP,11,0.8181818181818182,5882.454545454545,3.5727272727272723
2025-06-20,FieldSupport,18,0.7222222222222222,4789.5,3.361111111111111
2025-06-20,MajorIncident,6,0.16666666666666666,2229.1666666666665,3.6999999999999997
2025-06-20,Networks,16,0.5625,3906.5,3.8625000000000003
2025-06-20,SecurityOps,18,0.3888888888888889,3613.277777777778,3.966666666666667
2025-06-20,ServiceDesk-A,32,0.375,3498.84375,3.796875
2025-06-20,ServiceDesk-B,25,0.48,3341.92,3.764
2025-06-21,Apps,11,0.6363636363636364,3857.5454545454545,3.7363636363636363
2025-06-21,EUCP,12,0.5,3447.4166666666665,3.7916666666666665
2025-06-21,FieldSupport,25,0.64,4084.04,3.752
2025-06-21,MajorIncident,7,0.42857142857142855,4462.142857142857,3.5428571428571423
2025-06-21,Networks,9,0.6666666666666666,3955.5555555555557,3.888888888888889
2025-06-21,SecurityOps,20,0.55,4526.4,3.81
2025-06-21,ServiceDesk-A,38,0.4473684210526316,3620.0526315789475,3.818421052631579
2025-06-21,ServiceDesk-B,24,0.375,2920.375,3.9125
2025-06-22,Apps,17,0.5882352941176471,4591.470588235294,3.5294117647058822
2025-06-22,EUCP,11,0.45454545454545453,3129.7272727272725,3.9
2025-06-22,FieldSupport,17,0.6470588235294118,3172.470588235294,3.623529411764706
2025-06-22,MajorIncident,6,0.3333333333333333,1721.3333333333333,3.6833333333333336
2025-06-22,Networks,12,0.5833333333333334,3151.25,3.5416666666666665
2025-06-22,SecurityOps,20,0.7,4142.1,3.535
2025-06-22,ServiceDesk-A,23,0.6086956521739131,4094.8695652173915,3.7217391304347824
2025-06-22,ServiceDesk-B,28,0.17857142857142858,2576.1785714285716,3.9499999999999997
2025-06-23,Apps,20,0.5,4124.85,4.175
2025-06-23,EUCP,18,0.4444444444444444,4772.055555555556,3.8833333333333337
2025-06-23,FieldSupport,19,0.47368421052631576,4469.526315789473,3.8263157894736843
2025-06-23,MajorIncident,5,0.0,1864.8,4.12
2025-06-23,Networks,14,0.5714285714285714,3843.214285714286,3.814285714285714
2025-06-23,SecurityOps,12,0.4166666666666667,2933.75,3.85
2025-06-23,ServiceDesk-A,28,0.39285714285714285,3475.8214285714284,3.939285714285714
2025-06-23,ServiceDesk-B,26,0.34615384615384615,3805.730769230769,4.2
2025-06-24,Apps,11,0.7272727272727273,4321.363636363636,3.3
2025-06-24,EUCP,19,0.5263157894736842,3534.157894736842,3.6789473684210527
2025-06-24,FieldSupport,28,0.7142857142857143,4203.178571428572,3.7857142857142856
2025-06-24,MajorIncident,5,0.4,4052.6,3.66
2025-06-24,Networks,9,0.5555555555555556,4115.444444444444,3.811111111111111
2025-06-24,SecurityOps,15,0.4666666666666667,3790.133333333333,3.8
2025-06-24,ServiceDesk-A,36,0.3055555555555556,3672.9444444444443,3.8055555555555554
2025-06-24,ServiceDesk-B,34,0.4411764705882353,3951.3823529411766,3.9735294117647055
2025-06-25,Apps,16,0.5,3245.3125,3.65
2025-06-25,EUCP,14,0.42857142857142855,3269.285714285714,3.8857142857142857
2025-06-25,FieldSupport,15,0.8,3565.6,3.48
2025-06-25,MajorIncident,3,0.0,4186.333333333333,4.133333333333334
2025-06-25,Networks,16,0.4375,3248.875,4.0
2025-06-25,SecurityOps,22,0.5454545454545454,4204.681818181818,3.6545454545454548
2025-06-25,ServiceDesk-A,29,0.4482758620689655,3607.3793103448274,3.889655172413793
2025-06-25,ServiceDesk-B,26,0.4230769230769231,3050.076923076923,4.0115384615384615
2025-06-26,Apps,18,0.2777777777777778,3409.3333333333335,3.822222222222222
2025-06-26,EUCP,16,0.5625,3643.125,3.6875
2025-06-26,FieldSupport,10,0.5,4929.0,4.029999999999999
2025-06-26,MajorIncident,8,0.25,2928.0,4.2375
2025-06-26,Networks,18,0.4444444444444444,4152.666666666667,3.9055555555555554
2025-06-26,SecurityOps,13,0.6923076923076923,3440.3846153846152,3.3307692307692305
2025-06-26,ServiceDesk-A,28,0.21428571428571427,3031.464285714286,3.960714285714286
2025-06-26,ServiceDesk-B,24,0.375,3490.5,4.008333333333334
2025-06-27,Apps,21,0.5238095238095238,4757.571428571428,3.7333333333333334
2025-06-27,EUCP,24,0.375,3694.875,3.7541666666666664
2025-06-27,FieldSupport,29,0.6206896551724138,4271.379310344828,3.606896551724138
2025-06-27,MajorIncident,3,0.3333333333333333,2862.3333333333335,3.733333333333333
2025-06-27,Networks,18,0.7222222222222222,4402.055555555556,3.761111111111111
2025-06-27,SecurityOps,10,0.5,4989.7,3.78
2025-06-27,ServiceDesk-A,33,0.3939393939393939,3746.969696969697,3.8696969696969696
2025-06-27,ServiceDesk-B,30,0.6,4259.266666666666,3.7766666666666664
2025-06-28,Apps,17,0.35294117647058826,3675.9411764705883,3.9411764705882355
2025-06-28,EUCP,15,0.5333333333333333,3306.5333333333333,3.8
2025-06-28,FieldSupport,24,0.7083333333333334,5042.083333333333,3.466666666666667
2025-06-28,MajorIncident,4,0.5,4652.0,3.8499999999999996
2025-06-28,Networks,12,0.5833333333333334,4890.25,3.525
2025-06-28,SecurityOps,16,0.625,4083.875,3.65
2025-06-28,ServiceDesk-A,32,0.34375,3803.65625,3.91875
2025-06-28,ServiceDesk-B,24,0.5416666666666666,3591.125,3.8041666666666667
2025-06-29,Apps,11,0.45454545454545453,3123.0,3.890909090909091
2025-06-29,EUCP,14,0.5,3184.1428571428573,3.7785714285714285
2025-06-29,FieldSupport,14,0.5,4128.5,3.65
2025-06-29,MajorIncident,5,0.4,2135.4,4.0600000000000005
2025-06-29,Networks,12,0.4166666666666667,3275.9166666666665,3.9166666666666665
2025-06-29,SecurityOps,13,0.6153846153846154,3654.076923076923,3.623076923076923
2025-06-29,ServiceDesk-A,21,0.2857142857142857,4155.380952380952,3.961904761904762
2025-06-29,ServiceDesk-B,20,0.45,3346.5,3.7399999999999998
